Block,Center Coord,
100002,|[40.70136964493662,-74.01319312934734]|
100003,|[40.702776348684054,-74.01477036294423]|
100004,|[40.70209764261449,-74.01216574151964]|
100005,|[40.70251784160732,-74.01075456701493]|
100007,|[40.70333489489565,-74.01117439425647]|
100008,|[40.70300242665595,-74.01245104217645]|
100009,|[40.702830705718824,-74.01381925770264]|
100010,|[40.70372661871528,-74.0126810668178]|
100011,|[40.704637781724415,-74.01239363301056]|
100012,|[40.703792097549794,-74.01372134224775]|
100013,|[40.70523290106924,-74.01428833193528]|
100015,|[40.70603426797763,-74.01564067513517]|
100016,|[40.709602162869025,-74.01715323898662]|
100017,|[40.70718283225193,-74.0152432242133]|
100018,|[40.70737121841548,-74.01440598918569]|
100019,|[40.70733702941461,-74.01358573572243]|
100020,|[40.70634279434965,-74.0134219087526]|
100021,|[40.70717249097435,-74.01277686936267]|
100022,|[40.70568901490785,-74.01270614365052]|
100023,|[40.70682486011756,-74.01161204215248]|
100024,|[40.70550365641542,-74.01190638410495]|
100025,|[40.70539874358924,-74.01111185319319]|
100026,|[40.70626297538344,-74.01033453084423]|
100027,|[40.705502078322795,-74.00953038647577]|
100028,|[40.70507518307214,-74.00928707503166]|
100029,|[40.70423022545157,-74.01091344113074]|
100030,|[40.7038048927177,-74.01001301424851]|
100031,|[40.70474383013087,-74.00861632285967]|
100032,|[40.703117984698764,-74.00924884263361]|
100033,|[40.704330163964116,-74.00806228131714]|
100034,|[40.70347575989291,-74.00814741470907]|
100035,|[40.703898462308686,-74.0075456930252]|
100036,|[40.7034052750174,-74.00631389394633]|
100037,|[40.704921583149215,-74.0060132310748]|
100038,|[40.70535012955339,-74.00659378586761]|
100039,|[40.705764113049526,-74.0072644742239]|
100040,|[40.70617515022201,-74.00852990360703]|
100041,|[40.70662498964047,-74.00810422220576]|
100042,|[40.70700540929627,-74.0077075533406]|
100043,|[40.706988310575156,-74.0098983544413]|
100044,|[40.707696835897366,-74.0095343042102]|
100046,|[40.70765554466303,-74.01101833390138]|
100047,|[40.708155109417106,-74.01056026424223]|
100048,|[40.708584214575865,-74.01007052242255]|
100049,|[40.708178547034834,-74.01208297460859]|
100050,|[40.70891517529323,-74.01149043071825]|
100051,|[40.70829624438686,-74.01297583275621]|
100052,|[40.70946893610218,-74.01243093994489]|
100053,|[40.708508287322516,-74.01382461852492]|
100054,|[40.71008510295142,-74.0133541987865]|
100055,|[40.70880175522308,-74.01459047760818]|
100056,|[40.71001623504055,-74.01411660765244]|
100058,|[40.712644645371235,-74.0123320094543]|
100062,|[40.7096673214336,-74.0109097988759]|
100063,|[40.71030199879995,-74.01043361386685]|
100064,|[40.709077817486474,-74.00974315045661]|
100065,|[40.709609714392386,-74.00924338772853]|
100066,|[40.708294387611105,-74.00868538223042]|
100067,|[40.70886738153914,-74.0082319898822]|
100068,|[40.70790222342355,-74.00741777359913]|
100069,|[40.707236088298764,-74.00665384841881]|
100070,|[40.706703776767284,-74.00604251305836]|
100071,|[40.706196847572876,-74.00543447742089]|
100072,|[40.70579256579131,-74.00470211068358]|
100073,|[40.705127538811325,-74.00269757525291]|
100074,|[40.70672926353771,-74.00427280294195]|
100075,|[40.70761622012627,-74.00515143088897]|
100076,|[40.70832927375986,-74.00588201944578]|
100077,|[40.70875535900835,-74.00657328579615]|
100078,|[40.709392016972764,-74.00758982910054]|
100079,|[40.71014842948949,-74.00873680310596]|
100080,|[40.71088214159648,-74.00994451895558]|
100084,|[40.71352751540645,-74.01259285444802]|
100086,|[40.7126538585248,-74.0106985569049]|
100087,|[40.71128429652069,-74.00920723938658]|
100088,|[40.7119714336157,-74.00920708560528]|
100089,|[40.710695982486,-74.00822726329827]|
100090,|[40.71108804112664,-74.00749356204533]|
100091,|[40.71004022335755,-74.00694829472482]|
100092,|[40.71040829734706,-74.00649145791914]|
100093,|[40.709601341330675,-74.00572354503612]|
100094,|[40.709365305711856,-74.00419092083825]|
100095,|[40.70803879906651,-74.00389793466564]|
100096,|[40.7068633187151,-74.00329602153948]|
100097,|[40.70739641934584,-74.0023516564981]|
100100,|[40.710640238630674,-74.00545371785697]|
100101,|[40.711564363185424,-74.00642526907583]|
100102,|[40.71107182429259,-74.00486167352625]|
100106,|[40.70874037678675,-74.00183865947812]|
100107,|[40.70801070247082,-74.0010817262886]|
100111,|[40.71099599630044,-73.99882224586696]|
100113,|[40.71107294353335,-74.00148354332947]|
100116,|[40.71200137240139,-73.99921426549929]|
100117,|[40.71189007573363,-74.00028973398858]|
100119,|[40.712222187438144,-74.0011083812185]|
100121,|[40.71282279763975,-74.00389873927182]|
100122,|[40.71268882322887,-74.00604044331124]|
100123,|[40.7125653728809,-74.00872231532965]|
100124,|[40.71311855709523,-74.0082883668125]|
100125,|[40.71322697192869,-74.01017330000087]|
100126,|[40.71373189787539,-74.00977673203343]|
100127,|[40.71388816173574,-74.01110795545019]|
100128,|[40.714417180194744,-74.01240441679786]|
100132,|[40.71487664773203,-74.01061291864383]|
100133,|[40.7142823145808,-74.00925591044154]|
100134,|[40.71369941179964,-74.00781977499472]|
100135,|[40.71420263642183,-74.00740686685903]|
100136,|[40.71486770369895,-74.00886593378956]|
100137,|[40.71554406267324,-74.01033390999325]|
100140,|[40.71615846290827,-74.01007381505053]|
100141,|[40.716801637341874,-74.00995431733196]|
100142,|[40.716792919050135,-74.0116590936964]|
100143,|[40.71760952965005,-74.0098018859078]|
100144,|[40.7167430259106,-74.0087112444578]|
100145,|[40.71541402450614,-74.00843547307632]|
100146,|[40.71593536435328,-74.00801983308423]|
100147,|[40.71650670702462,-74.00756924617782]|
100148,|[40.71701746715233,-74.00716943136675]|
100149,|[40.71473892731147,-74.00695826806057]|
100150,|[40.7152631620412,-74.0065388210949]|
100151,|[40.7158239709813,-74.00608308517081]|
100152,|[40.71630632824493,-74.00558981128717]|
100153,|[40.71385373061831,-74.00500278286546]|
100154,|[40.71451116697581,-74.00500146067867]|
100155,|[40.71404595143825,-74.00396794334434]|
100156,|[40.7151008861652,-74.00413217753419]|
100158,|[40.71356238134683,-74.00260071094735]|
100159,|[40.713010062210515,-74.0022008359225]|
100160,|[40.71394509251555,-74.00124361618619]|
100161,|[40.71355560576853,-74.00007806760249]|
100162,|[40.714436458953884,-73.9984126191535]|
100163,|[40.71500230596453,-73.99792050119618]|
100164,|[40.71481826708079,-73.9991568878508]|
100165,|[40.71589315090202,-73.99982242565213]|
100166,|[40.71498754224592,-74.00122078013342]|
100167,|[40.71648275259572,-74.00048975329341]|
100168,|[40.71560939542519,-74.0023847341725]|
100169,|[40.716747141814366,-74.0014942464664]|
100170,|[40.71616572991999,-74.00360146036499]|
100171,|[40.716712282495095,-74.00314812897292]|
100172,|[40.717293587819825,-74.00262695396307]|
100173,|[40.71690266199798,-74.0051993329601]|
100174,|[40.71748603667708,-74.00471672317286]|
100175,|[40.71806771822733,-74.00423614217121]|
100176,|[40.71759320532949,-74.00671442886502]|
100177,|[40.71808602793756,-74.00602794722715]|
100178,|[40.71882081291611,-74.00588865413638]|
100179,|[40.71854693845509,-74.00799249414888]|
100180,|[40.71827988554263,-74.00967191621723]|
100181,|[40.719005111931736,-74.00954833274443]|
100184,|[40.720893719924426,-74.01282873029464]|
100187,|[40.71962289221804,-74.00944162861333]|
100188,|[40.720273210904026,-74.0093270247227]|
100189,|[40.71943112052051,-74.00745445419366]|
100190,|[40.720034020500165,-74.0071876358573]|
100191,|[40.719405916607855,-74.00531569541685]|
100192,|[40.72005493050187,-74.0046609264109]|
100193,|[40.71865869658563,-74.00375839093404]|
100194,|[40.71922773780277,-74.00329544304921]|
100195,|[40.71788629238187,-74.00211055708067]|
100196,|[40.71849003331289,-74.00158008952059]|
100197,|[40.71748055754754,-74.00087321674332]|
100198,|[40.717121891196484,-74.00006463731475]|
100199,|[40.71645100616861,-73.99947416921472]|
100200,|[40.71616866131517,-73.99866248304784]|
100201,|[40.71588628531207,-73.99786241109052]|
100202,|[40.715608834250986,-73.99706280701926]|
100203,|[40.716814763089175,-73.99626604913311]|
100204,|[40.717091122815134,-73.9971191524204]|
100205,|[40.71737060143908,-73.99791955706897]|
100206,|[40.71770212062329,-73.9987142119169]|
100207,|[40.71807579644466,-73.99933984161588]|
100208,|[40.718553438410396,-73.99995776388953]|
100209,|[40.71918472782617,-74.00096750981379]|
100210,|[40.719719497773994,-74.00289476443983]|
100211,|[40.72053099875566,-74.00440522786229]|
100212,|[40.72080373412774,-74.00590187758286]|
100214,|[40.72094968486202,-74.0092114198039]|
100215,|[40.721642373222956,-74.00910457801457]|
100216,|[40.72062300349119,-74.01118490263258]|
100217,|[40.721744176372844,-74.01076068893715]|
100218,|[40.72246144667541,-74.01062751349315]|
100219,|[40.722298404951836,-74.00897828840638]|
100220,|[40.722145657087665,-74.00742006637356]|
100221,|[40.72275987731606,-74.00739037084836]|
100222,|[40.72295550546673,-74.00886034847379]|
100223,|[40.723188959020604,-74.01041174961847]|
100224,|[40.72378194581283,-74.0105015107162]|
100225,|[40.72356238384152,-74.00875594563036]|
100226,|[40.72340013923041,-74.00694695334042]|
100227,|[40.722208687186665,-74.0047120102013]|
100228,|[40.72151676077608,-74.00390771895509]|
100229,|[40.72107944171927,-74.0033026771379]|
100230,|[40.72062934571113,-74.0025156832301]|
100231,|[40.72018570625242,-74.0018159818984]|
100232,|[40.720035157111184,-74.00074752099528]|
100233,|[40.719692865411915,-73.99999568937538]|
100234,|[40.719509418558836,-73.9991391873688]|
100235,|[40.718933113181876,-73.99880673331033]|
100236,|[40.718675602672356,-73.99812931123182]|
100237,|[40.718415311649395,-73.99729596582304]|
100238,|[40.718137609582115,-73.99649332810353]|
100239,|[40.71785296386274,-73.99569665402456]|
100241,|[40.710027519363955,-73.98369641519002]|
100243,|[40.71107191146187,-73.98234034530249]|
100244,|[40.71100319204913,-73.98412924542833]|
100245,|[40.71097676660256,-73.98608511166327]|
100246,|[40.7107707588509,-73.98740881903781]|
100247,|[40.71087667558761,-73.98930746581397]|
100248,|[40.71039755590006,-73.99047676408796]|
100249,|[40.710487588199726,-73.99381845568256]|
100250,|[40.70959648821355,-73.99542313378447]|
100253,|[40.710838584979115,-73.99618065969358]|
100254,|[40.71086634204461,-73.99346401887854]|
100255,|[40.71156382146627,-73.9905987972563]|
100256,|[40.71187990363708,-73.98839252209265]|
100258,|[40.712001988195155,-73.98548465339547]|
100259,|[40.71227625583842,-73.98453005676609]|
100260,|[40.712224912246896,-73.98240364593063]|
100262,|[40.71078490564665,-73.98014288306797]|
100263,|[40.712636436748255,-73.97978212797554]|
100266,|[40.7138786223057,-73.98061299810578]|
100267,|[40.71354180737784,-73.9833767810726]|
100269,|[40.71335273024924,-73.9863236992019]|
100270,|[40.713182068060135,-73.98807404595637]|
100271,|[40.71306900341915,-73.98952802229402]|
100273,|[40.71292234569492,-73.99150136070796]|
100274,|[40.71198149012769,-73.99367010600767]|
100275,|[40.71271712352817,-73.99377725704079]|
100276,|[40.71180952136693,-73.99597264243265]|
100277,|[40.71251322724942,-73.99621829020049]|
100279,|[40.712469352660406,-73.99821625407189]|
100280,|[40.713197357408006,-73.99629563344486]|
100281,|[40.71374229132476,-73.99670852525728]|
100282,|[40.713680317283924,-73.9939837736349]|
100283,|[40.71386949746713,-73.99174091785211]|
100284,|[40.71376033571606,-73.9894703858576]|
100285,|[40.713877251909224,-73.98810288786922]|
100286,|[40.71404703626354,-73.98649206708171]|
100288,|[40.71415245884866,-73.98375254343952]|
100289,|[40.71473516754541,-73.9963196732102]|
100292,|[40.71494358874622,-73.9940966215433]|
100293,|[40.71462437548756,-73.99356580527115]|
100294,|[40.71462059579193,-73.99221525098852]|
100297,|[40.71497281751245,-73.99059376402708]|
100298,|[40.71520299009107,-73.99131035643056]|
100299,|[40.715382015954475,-73.99190547246772]|
100300,|[40.71565953705543,-73.99281272177521]|
100301,|[40.71600166884764,-73.99367342424691]|
100302,|[40.716704102445256,-73.99409335351447]|
100303,|[40.71653858701061,-73.99523688977834]|
100304,|[40.71752459073514,-73.99471868398965]|
100306,|[40.717009144972195,-73.99303411097347]|
100307,|[40.71684558676081,-73.99220100569619]|
100308,|[40.716493870201106,-73.99133254604818]|
100309,|[40.71631336026213,-73.9907221412457]|
100310,|[40.71608234655886,-73.98997080388187]|
100311,|[40.7149538004371,-73.98831268885738]|
100315,|[40.71493726997565,-73.98618940099178]|
100316,|[40.712771775842356,-73.97615203615928]|
100321,|[40.71475004686205,-73.97920729000336]|
100323,|[40.71771949827452,-73.97787249494658]|
100325,|[40.71824624192192,-73.97629414899217]|
100331,|[40.71499873999501,-73.98180110624261]|
100333,|[40.71754780676017,-73.98087055317933]|
100335,|[40.7192209953671,-73.97967529212727]|
100336,|[40.7155473543859,-73.9834021548629]|
100338,|[40.71872538137319,-73.98182656776125]|
100340,|[40.719514408319,-73.98177688816126]|
100341,|[40.71586678103374,-73.98522894931048]|
100342,|[40.71645745546942,-73.9840210147477]|
100343,|[40.717893720210654,-73.98368146297076]|
100344,|[40.71910333367572,-73.98361548591032]|
100345,|[40.72018159244992,-73.98276789298805]|
100346,|[40.71663910896683,-73.98763780651342]|
100347,|[40.7168366919486,-73.9852680163907]|
100348,|[40.718333004760055,-73.98546039591517]|
100349,|[40.719594371409016,-73.9852279215612]|
100350,|[40.72063508647395,-73.98427067990667]|
100351,|[40.71734508059104,-73.98836067670722]|
100352,|[40.71786523032961,-73.98831101351618]|
100353,|[40.718828564070435,-73.98708926744465]|
100354,|[40.720066640878485,-73.986810255059]|
100355,|[40.72111148597935,-73.98575659992814]|
100356,|[40.71993349058738,-73.97768409262802]|
100362,|[40.72279586286354,-73.97557034422638]|
100367,|[40.72543516517724,-73.97426113558026]|
100372,|[40.72076728725011,-73.97972116227163]|
100373,|[40.721393077035465,-73.97926176407714]|
100374,|[40.7220026215775,-73.97881360692533]|
100375,|[40.72261247126219,-73.97836500319968]|
100376,|[40.72324705974398,-73.9779044700321]|
100377,|[40.723806907139405,-73.97749431969197]|
100378,|[40.72440800835146,-73.97705268800462]|
100379,|[40.7251330917332,-73.97652940587106]|
100380,|[40.72528033211894,-73.97573421133114]|
100381,|[40.726021819939476,-73.97504116654675]|
100382,|[40.726159601579525,-73.97600217490466]|
100383,|[40.72747681323012,-73.97481138442531]|
100384,|[40.721367400885256,-73.98255700737187]|
100385,|[40.721762085207345,-73.98208544125873]|
100386,|[40.72242012956666,-73.98162517134674]|
100387,|[40.72323565454727,-73.98102493997092]|
100389,|[40.72421806109094,-73.98031566438505]|
100390,|[40.724808003952646,-73.97988028166172]|
100391,|[40.72537810158656,-73.97943303870338]|
100392,|[40.725996979857086,-73.97901468869912]|
100393,|[40.72660067902713,-73.9785809494364]|
100394,|[40.72721239218827,-73.97813389482349]|
100395,|[40.72786460375385,-73.97770613739064]|
100396,|[40.72857351032563,-73.97718037960558]|
100397,|[40.72212711456888,-73.98479049777082]|
100398,|[40.722741083417375,-73.984404037117]|
100399,|[40.72337493188367,-73.98393717700563]|
100400,|[40.72398169891495,-73.98349947119478]|
100401,|[40.72450501463689,-73.98297843610926]|
100402,|[40.72523887022862,-73.98258292821234]|
100403,|[40.72682560033931,-73.98141826513022]|
100404,|[40.72760987051198,-73.9808593793473]|
100405,|[40.72817486122078,-73.98043897540825]|
100406,|[40.728823386891015,-73.97997213888239]|
100407,|[40.72944337408061,-73.97951977907177]|
100408,|[40.717317387827364,-73.9897805076184]|
100409,|[40.7181730366878,-73.98933267792486]|
100410,|[40.719331511091966,-73.98873689440235]|
100411,|[40.720482888659305,-73.98814458710831]|
100412,|[40.72163751736213,-73.98757803297117]|
100413,|[40.717775318158324,-73.99128713862683]|
100414,|[40.71863880336472,-73.99087093841948]|
100415,|[40.71981106440127,-73.99024204324317]|
100416,|[40.72089388320541,-73.98968315652762]|
100417,|[40.72209969544707,-73.98902734789061]|
100418,|[40.718428112090436,-73.99264961593929]|
100419,|[40.718987178681125,-73.99202679068122]|
100420,|[40.72042863407713,-73.99146158778169]|
100421,|[40.72127828852178,-73.9907783759273]|
100422,|[40.722484070491056,-73.99035949500296]|
100423,|[40.71862711491855,-73.99416137072727]|
100424,|[40.71950936390981,-73.99374300661475]|
100425,|[40.72067732327231,-73.9932017223663]|
100426,|[40.72184642506741,-73.99267858608684]|
100427,|[40.723082483305106,-73.99221250038669]|
100429,|[40.7230450779295,-73.98715242547834]|
100430,|[40.72367882521509,-73.98658095199615]|
100431,|[40.72430474418742,-73.98613217863954]|
100432,|[40.72530568276118,-73.98476282941233]|
100434,|[40.72614496726316,-73.98489188046881]|
100435,|[40.726758486367444,-73.9844474019867]|
100436,|[40.72735944784441,-73.98405260653493]|
100437,|[40.72795654155959,-73.98357000592968]|
100438,|[40.72852912761735,-73.98314978866586]|
100439,|[40.729198817537814,-73.98289249936971]|
100440,|[40.72981027615465,-73.982223471915]|
100441,|[40.730405819322144,-73.98174450524616]|
100442,|[40.7238156462907,-73.99021863763343]|
100443,|[40.7239945670519,-73.98940938515116]|
100444,|[40.72467114740558,-73.98898444828626]|
100445,|[40.72530582739968,-73.98852140888059]|
100446,|[40.72591338809498,-73.98807705554105]|
100447,|[40.72649991239881,-73.98764985086027]|
100448,|[40.72713534529193,-73.98720126500966]|
100449,|[40.7277122515085,-73.9867669911851]|
100450,|[40.72835109420369,-73.98636728688273]|
100451,|[40.72894905266643,-73.98592149087943]|
100452,|[40.72950111478903,-73.98546205469466]|
100453,|[40.730142801857085,-73.98501973522998]|
100454,|[40.73075228912556,-73.9845437237957]|
100455,|[40.731386631190276,-73.9840802644928]|
100456,|[40.72428290586883,-73.99170650719252]|
100457,|[40.72484480194932,-73.9914172528464]|
100458,|[40.72556219963878,-73.99103755661362]|
100459,|[40.72622539637274,-73.99068054053825]|
100460,|[40.7268697751013,-73.99032081978797]|
100461,|[40.727490816048864,-73.98989111300361]|
100462,|[40.72809371537428,-73.98950191846038]|
100463,|[40.728673167976154,-73.98907697080196]|
100464,|[40.7292606067699,-73.98855920158897]|
100465,|[40.72988630461897,-73.98816453475524]|
100466,|[40.73055820417102,-73.9879240685259]|
100467,|[40.7309914510619,-73.98710004111382]|
100468,|[40.73173226003042,-73.98686792930584]|
100469,|[40.732362431028406,-73.9863924897156]|
100470,|[40.71915412273897,-73.99549190298626]|
100471,|[40.71970606749086,-73.99702915652671]|
100472,|[40.72016176027719,-73.99825737939182]|
100473,|[40.720875808743514,-73.99964011685292]|
100474,|[40.72157498374857,-74.0011740805754]|
100475,|[40.722316225053845,-74.00269420727909]|
100476,|[40.7230176628387,-74.004126131206]|
100477,|[40.72350969923664,-74.00549727500359]|
100478,|[40.72036284142962,-73.9945998141049]|
100479,|[40.72051556789777,-73.99545378650208]|
100480,|[40.72084140057407,-73.9961756430048]|
100481,|[40.7211882846037,-73.99702471901907]|
100482,|[40.721619035677996,-73.99806712664586]|
100483,|[40.72205513546192,-73.99910348041738]|
100484,|[40.722443108597496,-73.99990439806794]|
100485,|[40.72281328800515,-74.00066246787651]|
100486,|[40.72318661704843,-74.00141868192483]|
100487,|[40.72355902592919,-74.00217565977738]|
100488,|[40.72397217688056,-74.00292534910669]|
100489,|[40.72428406114742,-74.00366771766781]|
100490,|[40.72484137399178,-74.00400960092398]|
100491,|[40.72478320774904,-74.00525340588618]|
100492,|[40.721641330322,-73.99412525813602]|
100493,|[40.721959756433165,-73.99488810226717]|
100494,|[40.72227861533625,-73.99567057244198]|
100495,|[40.722668194447415,-73.99643755886831]|
100496,|[40.72294878007165,-73.99728754371326]|
100497,|[40.72325213935821,-73.99801677180966]|
100498,|[40.723660260203445,-73.99888372453874]|
100499,|[40.72404044900069,-73.99966361466095]|
100500,|[40.72439481291396,-74.00037066701324]|
100501,|[40.72478145056397,-74.00115960990135]|
100502,|[40.7251517471873,-74.00190782590906]|
100503,|[40.72554203665017,-74.00270535851541]|
100504,|[40.72582925074593,-74.00328951450655]|
100505,|[40.72587575889307,-74.00487821885365]|
100506,|[40.72660783979837,-74.0046258191067]|
100507,|[40.72313040312359,-73.9935411126473]|
100508,|[40.72342742939074,-73.9942976779815]|
100509,|[40.72386265538617,-73.99501059819855]|
100510,|[40.72407445608968,-73.99592439007941]|
100511,|[40.724436521951255,-73.99702381078691]|
100512,|[40.724817670937924,-73.99789579894365]|
100513,|[40.725197192009205,-73.99864555747253]|
100514,|[40.72557399816062,-73.99940915952459]|
100515,|[40.72593873499588,-74.00016443829222]|
100516,|[40.72633509063895,-74.00094707151467]|
100517,|[40.72666461307723,-74.0016737624494]|
100518,|[40.727062839656384,-74.00244847585891]|
100519,|[40.72729036223079,-74.00414630135792]|
100520,|[40.72795103531911,-74.00383807327844]|
100521,|[40.72498902023529,-73.9936412946842]|
100522,|[40.725595527363936,-73.99553048934644]|
100523,|[40.72606526477951,-73.99686071208644]|
100524,|[40.72700302259878,-73.99877211598434]|
100525,|[40.727758662887794,-74.00029536592619]|
100526,|[40.728628671504865,-74.00164709390944]|
100527,|[40.72950442637274,-74.00306237741387]|
100528,|[40.72877737737722,-74.00401702451789]|
100529,|[40.72608093546331,-73.99393682239877]|
100530,|[40.726676087823215,-73.99356497957618]|
100531,|[40.72735685720977,-73.99321981565961]|
100532,|[40.72704322961649,-73.99600989728533]|
100533,|[40.727971306402964,-73.99800651987762]|
100535,|[40.72878409178999,-73.99612975193682]|
100537,|[40.72874825224513,-73.99891592126662]|
100538,|[40.729737332931734,-73.9980795688858]|
100539,|[40.72905586180984,-73.99967422813484]|
100540,|[40.729410407270535,-74.00044944788431]|
100541,|[40.73027710930773,-73.99916743143]|
100542,|[40.72972361697066,-74.00142561228094]|
100543,|[40.73057978788957,-74.00069856349597]|
100544,|[40.72824482169476,-73.99179005840452]|
100545,|[40.72896745451625,-73.99318823983845]|
100546,|[40.72921269534771,-73.995250459691]|
100547,|[40.72988964554149,-73.99469424761469]|
100548,|[40.73048352065678,-73.99411974890569]|
100549,|[40.7307244020043,-73.99833110554904]|
100550,|[40.73153184309897,-73.99597590781022]|
100551,|[40.73212331576214,-73.99758498326909]|
100552,|[40.731779341429444,-73.99990841697655]|
100553,|[40.73281208503645,-73.9990909767871]|
100554,|[40.7303420883677,-73.99112572722453]|
100555,|[40.73086198761246,-73.99052567886702]|
100556,|[40.73147621499649,-73.98948796478305]|
100557,|[40.73216458899056,-73.99077194247789]|
100558,|[40.73261612046211,-73.98897077901523]|
100559,|[40.733522477187115,-73.98870592996283]|
100560,|[40.73130587939042,-73.99341377288133]|
100561,|[40.73189499952218,-73.99292631674788]|
100562,|[40.73238931156989,-73.99230977500459]|
100563,|[40.73313353309251,-73.99218158335134]|
100564,|[40.733608211588276,-73.9912973607468]|
100565,|[40.73425561075898,-73.99096911444315]|
100566,|[40.732133643832626,-73.99537611985431]|
100567,|[40.732713440317575,-73.99491584576083]|
100568,|[40.73329589512555,-73.99446015774369]|
100569,|[40.733891605651756,-73.99398349159125]|
100570,|[40.734506424306645,-73.99350531222291]|
100571,|[40.73514859299735,-73.9929941729507]|
100572,|[40.73315293133846,-73.99779727740948]|
100573,|[40.73375045978523,-73.99736313993893]|
100574,|[40.73434700951759,-73.99696314982776]|
100575,|[40.7350249309799,-73.99667480291576]|
100576,|[40.73558044945389,-73.99602801587508]|
100577,|[40.73622467753464,-73.99554997053896]|
100578,|[40.72472035230805,-74.00685879461514]|
100579,|[40.72560196664017,-74.00670700750084]|
100580,|[40.72702831253511,-74.00647312793566]|
100581,|[40.728466732629485,-74.00616766525268]|
100582,|[40.729686085343346,-74.00514613759455]|
100583,|[40.73045396559745,-74.00556058782901]|
100584,|[40.73109802732233,-74.00550390138153]|
100585,|[40.73210505861115,-74.00589787886258]|
100586,|[40.73050310514833,-74.003700547687]|
100587,|[40.73157024681485,-74.00437955250776]|
100588,|[40.73260909988016,-74.00495297600757]|
100589,|[40.7310706125797,-74.00215486714137]|
100590,|[40.731878409753406,-74.00268754702034]|
100591,|[40.73301156593246,-74.0034736294457]|
100592,|[40.732824712251045,-74.00147049348601]|
100593,|[40.733533788894206,-74.00045224339829]|
100594,|[40.72470714305411,-74.00885499231322]|
100595,|[40.724836909136215,-74.01019377077307]|
100596,|[40.72720047816759,-74.00979708859768]|
100597,|[40.726439451351816,-74.00826064858805]|
100598,|[40.72766390535388,-74.00799964475954]|
100599,|[40.728412649711885,-74.00793438378275]|
100600,|[40.7292339011855,-74.00817133520223]|
100601,|[40.73004529839892,-74.00868026308001]|
100602,|[40.730687001390166,-74.00855219814284]|
100603,|[40.73146574860384,-74.00847828191166]|
100604,|[40.73220024090293,-74.0085842925468]|
100605,|[40.732290840275155,-74.0071563339585]|
100606,|[40.73554312763804,-73.99990431473813]|
100607,|[40.736112453078874,-73.99940371925925]|
100608,|[40.736865734782086,-73.99904932815164]|
100609,|[40.737506569975096,-73.99858749813745]|
100610,|[40.73410838733527,-74.00168821499588]|
100611,|[40.734725736972116,-74.00204448233453]|
100612,|[40.73535929804848,-74.00230067453163]|
100613,|[40.735978627331434,-74.00262477349148]|
100614,|[40.73663236354862,-74.00283556770822]|
100615,|[40.7373938878433,-74.00338457477119]|
100616,|[40.738377356358846,-74.00311516733436]|
100617,|[40.73794908795445,-74.00156788821825]|
100618,|[40.73876575163395,-74.00132233172019]|
100619,|[40.73353492185881,-74.0049855285125]|
100620,|[40.73408433786325,-74.0051209599053]|
100621,|[40.73484967912968,-74.00504530962212]|
100622,|[40.735430052557504,-74.00513078930223]|
100623,|[40.73613961932281,-74.00507867549717]|
100624,|[40.73674744905213,-74.00601838027202]|
100625,|[40.737822507985044,-74.00579961136187]|
100626,|[40.73836636503155,-74.00526667621416]|
100627,|[40.73898743153813,-74.00561752721589]|
100628,|[40.73962431090979,-74.00541158622056]|
100629,|[40.73985861212351,-74.00424097180104]|
100630,|[40.73308856442427,-74.00781116846679]|
100631,|[40.73378011648474,-74.00773311646432]|
100632,|[40.73458238375939,-74.00757919941755]|
100633,|[40.73514923646752,-74.0076028726007]|
100634,|[40.73589415299502,-74.00749251602372]|
100635,|[40.73648268896518,-74.00786048004754]|
100636,|[40.73298190348899,-74.0095888844988]|
100637,|[40.73441328783808,-74.00949177839607]|
100638,|[40.73551372433293,-74.00952050584121]|
100639,|[40.736358680164344,-74.00949983876657]|
100640,|[40.737176163138216,-74.00834380058001]|
100641,|[40.73780292972862,-74.0080718260852]|
100642,|[40.73838034885729,-74.008890464561]|
100643,|[40.7389847243206,-74.00738248789014]|
100644,|[40.739671099497784,-74.00854106635458]|
100645,|[40.74038139373054,-74.00739299483492]|
100646,|[40.741037044916666,-74.00696730098151]|
100651,|[40.739701484676885,-74.01106195519537]|
100654,|[40.741952642057385,-74.0085875879897]|
100656,|[40.72856828867768,-74.0135292568718]|
100662,|[40.74562903322462,-74.00981412672795]|
100665,|[40.75680429348327,-74.0058233050605]|
100670,|[40.750455022995396,-74.00716380199106]|
100672,|[40.75150363005999,-74.00660023117551]|
100673,|[40.752156508280216,-74.00624420776006]|
100674,|[40.7531818657151,-74.00626588994217]|
100675,|[40.75335171224606,-74.00500192780834]|
100676,|[40.75499230525421,-74.004360322654]|
100680,|[40.759118795304104,-74.0006614188467]|
100685,|[40.75995832599773,-74.00108803328817]|
100687,|[40.74327500828795,-74.00801761124899]|
100688,|[40.74396354410404,-74.00772685077186]|
100690,|[40.74542497945282,-74.00729725877416]|
100691,|[40.74588994568681,-74.00688921190931]|
100692,|[40.74663163202518,-74.00676701994041]|
100693,|[40.74722127691901,-74.0063120995574]|
100694,|[40.747850570250314,-74.00590861478445]|
100695,|[40.74856846565277,-74.00540612362823]|
100696,|[40.749214821736466,-74.00500992087015]|
100697,|[40.74986088085831,-74.00436602938598]|
100698,|[40.750463191574134,-74.00400056274225]|
100699,|[40.75112041900711,-74.00352542957684]|
100700,|[40.75160639774563,-74.00317559869366]|
100701,|[40.75231345006436,-74.00265535713433]|
100702,|[40.75278176685434,-74.00192907440909]|
100704,|[40.75473599206734,-74.0022159182117]|
100705,|[40.754656799831224,-74.00094268883674]|
100706,|[40.755179955747124,-73.99972416367]|
100707,|[40.7558101526145,-73.99866106313944]|
100708,|[40.756756811098846,-73.99941843829902]|
100709,|[40.757336390328284,-73.9989535171305]|
100710,|[40.757938427280116,-73.9983540343557]|
100712,|[40.741808886878395,-74.00656232573408]|
100713,|[40.74247281699296,-74.0061096555054]|
100714,|[40.74320750370245,-74.00557977953164]|
100715,|[40.74381684206999,-74.00546429210772]|
100716,|[40.74435095878668,-74.00474401208675]|
100717,|[40.744887981278296,-74.004469930591]|
100718,|[40.74542221612754,-74.0039213718099]|
100719,|[40.74602708598338,-74.00352365644382]|
100720,|[40.74665954289472,-74.0030399822898]|
100721,|[40.747760307154095,-74.00350052277233]|
100722,|[40.74798780673879,-74.00209774077587]|
100723,|[40.74850255211788,-74.0013084655308]|
100724,|[40.74932777539348,-74.0009657614276]|
100726,|[40.75045805404761,-74.00028870494708]|
100727,|[40.751077628725184,-73.99984195307829]|
100728,|[40.751763929006636,-73.99902532940783]|
100729,|[40.75281409180337,-73.99949162818456]|
100731,|[40.753584919222696,-73.998013481116]|
100732,|[40.754324653006904,-73.99748103184254]|
100733,|[40.755032456776576,-73.99715379803945]|
100734,|[40.75551189834803,-73.99651217990103]|
100735,|[40.75609461396657,-73.99616915405777]|
100736,|[40.75674558131071,-73.99571208817267]|
100737,|[40.75693589200661,-73.99428585731422]|
100738,|[40.74061730895011,-74.00369263988445]|
100739,|[40.74127619922817,-74.00326882960499]|
100740,|[40.74189743489113,-74.00281312350961]|
100741,|[40.74248436051239,-74.00238459157526]|
100742,|[40.743058693878886,-74.00196326833344]|
100743,|[40.7436555426465,-74.00153568570221]|
100744,|[40.74422624258432,-74.001119456627]|
100745,|[40.744836637170735,-74.00067456947478]|
100746,|[40.74545835639932,-74.00021617343677]|
100747,|[40.74575450268709,-73.99892401802907]|
100748,|[40.74670279297563,-73.99942337888906]|
100749,|[40.747615529366996,-73.99917690626516]|
100751,|[40.74841358237575,-73.9980413539939]|
100752,|[40.749780437737854,-73.99845482543031]|
100753,|[40.74987027735543,-73.99699879950687]|
100754,|[40.750478368846814,-73.99656418976049]|
100755,|[40.75138446544939,-73.99600312225328]|
100757,|[40.752352388598325,-73.99519577841062]|
100758,|[40.75306810350794,-73.994680038848]|
100759,|[40.75370374089868,-73.99414931825379]|
100760,|[40.75434244760264,-73.99375076865876]|
100761,|[40.75492109909884,-73.99332787396216]|
100762,|[40.75554047132704,-73.99287934407101]|
100763,|[40.7561599740672,-73.9924284567484]|
100764,|[40.73944609753357,-74.00089054730827]|
100765,|[40.740040613822,-74.00032806105446]|
100766,|[40.74070303846814,-73.99997083616692]|
100767,|[40.74128725901933,-73.99954841798635]|
100768,|[40.74187631528994,-73.99912850896837]|
100769,|[40.7424612795962,-73.99869385161128]|
100770,|[40.74303793190488,-73.9982469375463]|
100771,|[40.7436411749725,-73.99783576836705]|
100772,|[40.74425743106461,-73.99738541486443]|
100773,|[40.74496997504244,-73.99685896891273]|
100774,|[40.74559399056368,-73.99641357358861]|
100775,|[40.74621030063037,-73.99596515842522]|
100776,|[40.74684044350137,-73.99550145386323]|
100777,|[40.747427283558864,-73.99505311938921]|
100778,|[40.74806296013003,-73.99460772175523]|
100779,|[40.74868510389105,-73.99417060401467]|
100780,|[40.74929316365148,-73.99371950561813]|
100781,|[40.75018882770695,-73.99306706429775]|
100783,|[40.75117243240483,-73.99238749679436]|
100784,|[40.75187144405783,-73.99184183024255]|
100785,|[40.75248942596316,-73.99139046710495]|
100786,|[40.75300746755156,-73.9907007000675]|
100787,|[40.75372421038459,-73.99048502191178]|
100788,|[40.75434280652355,-73.99003714995476]|
100789,|[40.75495874963899,-73.98958730017041]|
100790,|[40.738248860520685,-73.99806177456492]|
100791,|[40.738882927399345,-73.99758768434472]|
100792,|[40.73948685671776,-73.99714727072428]|
100793,|[40.740088808015614,-73.99670720946975]|
100794,|[40.74061615605889,-73.99613409648993]|
100795,|[40.74126405581012,-73.99585178506635]|
100796,|[40.74184769460577,-73.99543139611362]|
100797,|[40.74244659542013,-73.99499336166598]|
100798,|[40.74306151096009,-73.9945423491102]|
100799,|[40.743775900350684,-73.99402133668417]|
100800,|[40.7443956230172,-73.99357484906336]|
100801,|[40.744987159581854,-73.99313671797981]|
100802,|[40.74562868167343,-73.9926661103753]|
100803,|[40.746248385752246,-73.99221722042354]|
100804,|[40.74690208157183,-73.99185600042404]|
100805,|[40.74747382970521,-73.99129401673804]|
100806,|[40.74822542860895,-73.9911789190395]|
100807,|[40.74870775318374,-73.9903968909053]|
100808,|[40.74932982846537,-73.98995077951616]|
100809,|[40.749947038165836,-73.9895053816243]|
100810,|[40.75069989246208,-73.98907449670102]|
100811,|[40.751242328428376,-73.98858269007721]|
100812,|[40.75191394104764,-73.98810387400293]|
100813,|[40.75252891753367,-73.98764674289097]|
100814,|[40.75314821467754,-73.98720039615381]|
100815,|[40.753728124682766,-73.98669615288443]|
100816,|[40.73696419068504,-73.9950234849845]|
100817,|[40.73760829282111,-73.99454649102383]|
100818,|[40.73822812971976,-73.99410796899795]|
100819,|[40.73881385051417,-73.99367420367551]|
100820,|[40.739395307746676,-73.99324797948404]|
100821,|[40.73998444509649,-73.99283047661862]|
100822,|[40.74062966634926,-73.99235045024105]|
100823,|[40.741163077407265,-73.99195992254998]|
100824,|[40.74178486663598,-73.99151132615671]|
100825,|[40.74248363979336,-73.99095027937848]|
100826,|[40.74318189965284,-73.99067832606254]|
100827,|[40.74373342791178,-73.99008555251663]|
100828,|[40.74440960157615,-73.98945334257527]|
100829,|[40.74497250020195,-73.98918924410191]|
100830,|[40.745590998585385,-73.98873825956828]|
100831,|[40.746225090285506,-73.98829840628696]|
100832,|[40.746885803735545,-73.9877953672181]|
100833,|[40.74743838824246,-73.98738731810178]|
100834,|[40.74802783127575,-73.9868650181651]|
100835,|[40.748663266752004,-73.98643897051993]|
100836,|[40.74940199636155,-73.98596770660784]|
100837,|[40.75005472525706,-73.98549095433768]|
100838,|[40.75063234870273,-73.98506623506466]|
100839,|[40.751253761566,-73.98461229258041]|
100840,|[40.75186496062652,-73.98417822954212]|
100841,|[40.75256876463841,-73.98391141537667]|
100842,|[40.735883124664724,-73.99243727767279]|
100843,|[40.73651364159622,-73.99196467975491]|
100844,|[40.737139208270975,-73.99151257359858]|
100845,|[40.73535680174257,-73.9901500895881]|
100846,|[40.7374547933516,-73.99045926041558]|
100847,|[40.73804116104084,-73.99002653920769]|
100848,|[40.738630770455174,-73.9896109356672]|
100849,|[40.73921491243423,-73.98917213092795]|
100850,|[40.739803186512816,-73.98874911350268]|
100851,|[40.7404330322888,-73.98829286621007]|
100852,|[40.74150711283181,-73.98819267751333]|
100853,|[40.74081562838433,-73.98698829503272]|
100854,|[40.74143277750876,-73.98653964708392]|
100855,|[40.74204185099964,-73.98606904717013]|
100856,|[40.74300060585276,-73.98642948383466]|
100857,|[40.74361484974744,-73.98597168148574]|
100858,|[40.74421246443165,-73.98553581032711]|
100859,|[40.74485011977373,-73.98506674623437]|
100860,|[40.745470903449046,-73.98462125130177]|
100861,|[40.74615840635857,-73.98434597714228]|
100862,|[40.74671619422807,-73.98374587562897]|
100863,|[40.74733886651518,-73.98329849244124]|
100864,|[40.74791952289835,-73.98221949122873]|
100865,|[40.748670396974475,-73.98232905831566]|
100866,|[40.749288859782595,-73.98188120379331]|
100867,|[40.749907306190615,-73.98143079276896]|
100868,|[40.75052360849985,-73.9809808974972]|
100869,|[40.75114458930646,-73.98052521805548]|
100870,|[40.73446279106615,-73.98863425554015]|
100871,|[40.73489786691485,-73.98811645861512]|
100872,|[40.73551950212223,-73.98765891951828]|
100873,|[40.73609842374063,-73.98723830018683]|
100874,|[40.7366901830771,-73.98680890550855]|
100875,|[40.737273679078946,-73.98638191744584]|
100876,|[40.737857450357765,-73.98595441812122]|
100877,|[40.73854753774877,-73.98545407320049]|
100878,|[40.739071485496424,-73.98507426143016]|
100879,|[40.73979279604726,-73.98455150419912]|
100880,|[40.74040385768685,-73.98410000938225]|
100881,|[40.74101252245286,-73.98365694492676]|
100882,|[40.741641160639546,-73.98320117497713]|
100883,|[40.74225636021437,-73.98274759762097]|
100884,|[40.74287806139586,-73.98228949494083]|
100885,|[40.74353070718449,-73.98182921440943]|
100886,|[40.74410972126347,-73.98141450521595]|
100887,|[40.74476111993417,-73.98093957503689]|
100888,|[40.74533474782417,-73.98046564500854]|
100889,|[40.746007279864486,-73.97994066250263]|
100890,|[40.74665413416746,-73.97950769485305]|
100891,|[40.74727162361357,-73.97905270159862]|
100892,|[40.74790361676696,-73.97859261582735]|
100893,|[40.74852294430836,-73.97816412313603]|
100894,|[40.74914170972636,-73.97769524141177]|
100895,|[40.749758796910726,-73.97724273953611]|
100896,|[40.733095638088685,-73.98586168084574]|
100897,|[40.73399052230745,-73.98536593888493]|
100898,|[40.734958235530414,-73.98445831813046]|
100899,|[40.735537749262235,-73.98407568768093]|
100900,|[40.736121584695155,-73.98365333033303]|
100901,|[40.73670861772283,-73.98322442599076]|
100902,|[40.737286193614324,-73.98281606462825]|
100903,|[40.73794499488655,-73.98232671367651]|
100904,|[40.73863072890602,-73.98183263316747]|
100905,|[40.73929294849816,-73.98134649720011]|
100906,|[40.73987122110243,-73.98092012971287]|
100907,|[40.74050152484744,-73.9804893705825]|
100908,|[40.741111704492155,-73.98002842282577]|
100909,|[40.74172620704276,-73.97956558072245]|
100910,|[40.74240245662966,-73.97907377566614]|
100911,|[40.742975970560536,-73.97865766787197]|
100912,|[40.74356115418065,-73.97817484787551]|
100913,|[40.74417998558427,-73.977748565996]|
100914,|[40.744814780010856,-73.97732073171017]|
100915,|[40.74552988264763,-73.97679661144838]|
100916,|[40.74614581940892,-73.97634759328207]|
100917,|[40.746892316310856,-73.97618436149192]|
100918,|[40.74738462135439,-73.97544546155757]|
100919,|[40.74801556571646,-73.9749858869445]|
100920,|[40.748595122401994,-73.97449873919257]|
100921,|[40.73213805514841,-73.9835265470274]|
100922,|[40.73292607353474,-73.98283419542773]|
100923,|[40.733998267150994,-73.98218039866111]|
100924,|[40.73452440076727,-73.98180613444896]|
100925,|[40.735192323571844,-73.98118162808717]|
100926,|[40.73566821234408,-73.98049842984213]|
100927,|[40.736329986851885,-73.98048677199617]|
100928,|[40.736947136692656,-73.98003290013591]|
100929,|[40.73780718902261,-73.97950478389754]|
100930,|[40.738255539054265,-73.97908911867214]|
100931,|[40.738791700747484,-73.97837407065953]|
100932,|[40.73931152036481,-73.97753049792283]|
100933,|[40.73988776950313,-73.97708879422922]|
100934,|[40.7400620378984,-73.97814914368523]|
100935,|[40.74143290073939,-73.9767618487191]|
100936,|[40.74232368976124,-73.9760912597972]|
100939,|[40.743828513767056,-73.97497426899798]|
100940,|[40.74464918606084,-73.97442663068843]|
100941,|[40.74492621265852,-73.97327230128194]|
100942,|[40.746178744570486,-73.97439668241853]|
100943,|[40.74647752280768,-73.97338878798749]|
100944,|[40.747028918094394,-73.97269004359025]|
100945,|[40.747804716980106,-73.97253675430852]|
100955,|[40.73673542578423,-73.97734906964108]|
100962,|[40.74061041527954,-73.97433419427784]|
100966,|[40.74368711385382,-73.97241418995503]|
100967,|[40.7444248840843,-73.9724341526539]|
100968,|[40.745119594724095,-73.9716670115508]|
100969,|[40.74563708926663,-73.97130441010034]|
100972,|[40.72908585282836,-73.97597098903724]|
100978,|[40.7350343157885,-73.97917952744439]|
100981,|[40.736089418320006,-73.97573438318709]|
100988,|[40.72727998668985,-73.97261946031023]|
100990,|[40.728272791909944,-73.97249098904446]|
100991,|[40.73639146238661,-73.97360635799467]|
100993,|[40.7543827351358,-73.98629716295831]|
100994,|[40.75500481852897,-73.98586113510555]|
100995,|[40.75569550500917,-73.98536521522121]|
100996,|[40.75628552434158,-73.98473116726748]|
100997,|[40.75701086435914,-73.98437183921466]|
100998,|[40.75760166886863,-73.98395203313135]|
100999,|[40.758366956335685,-73.98379041884922]|
101000,|[40.75884017954375,-73.98310128254144]|
101001,|[40.75956597985775,-73.9827516731873]|
101002,|[40.760194850698014,-73.98228854323763]|
101003,|[40.76077871487051,-73.98173188097553]|
101004,|[40.761378397217904,-73.98122922402129]|
101005,|[40.76203769819695,-73.98082120986044]|
101006,|[40.762606944698646,-73.98027918919509]|
101007,|[40.76327895520347,-73.97993803920741]|
101008,|[40.763893156303254,-73.97935749941554]|
101009,|[40.764481977729865,-73.97894280310906]|
101010,|[40.76520190765106,-73.97840587007556]|
101011,|[40.765831744997485,-73.97795238975013]|
101012,|[40.75560077493892,-73.98914428153412]|
101013,|[40.75619419425331,-73.98865358722438]|
101014,|[40.7569240039594,-73.98818470282109]|
101015,|[40.7575414866385,-73.98770888740333]|
101016,|[40.7581709053362,-73.98728368300334]|
101017,|[40.75878299927443,-73.9867628784499]|
101018,|[40.759483183301384,-73.98650042091154]|
101019,|[40.7600466686193,-73.9858882788308]|
101020,|[40.760675083102896,-73.98542387221943]|
101021,|[40.761292694341066,-73.98496215563422]|
101022,|[40.76192039928509,-73.98451163106549]|
101023,|[40.76254889589552,-73.98405849458096]|
101024,|[40.763168103254685,-73.98361257174513]|
101025,|[40.763833408406654,-73.98317151267842]|
101026,|[40.76441726764246,-73.98266893214581]|
101027,|[40.76505332288392,-73.98223640704782]|
101028,|[40.765682976881834,-73.98171883794667]|
101029,|[40.76640054729055,-73.98124019141511]|
101030,|[40.766983974235785,-73.98072789882713]|
101032,|[40.756979088067936,-73.99182992749394]|
101033,|[40.758134909063564,-73.99098856770055]|
101034,|[40.75873603069148,-73.99055259462833]|
101035,|[40.75936472801175,-73.99009510841137]|
101036,|[40.759971090243255,-73.98965179986268]|
101037,|[40.7781934245381,-73.97516426099514]|
101038,|[40.76124458873424,-73.98872687993929]|
101039,|[40.76186963703972,-73.98826929876475]|
101040,|[40.76230736654426,-73.9873686991798]|
101041,|[40.76312027837365,-73.98735801228668]|
101042,|[40.7637391114761,-73.98691202416349]|
101043,|[40.76437470943281,-73.98644515560039]|
101044,|[40.76496600835884,-73.9859054929567]|
101045,|[40.7656240902988,-73.98553090414293]|
101046,|[40.76621271684686,-73.98510303639407]|
101047,|[40.76681429694702,-73.98458730888416]|
101048,|[40.767599900547495,-73.98409005855257]|
101049,|[40.76867664551234,-73.98338982566544]|
101050,|[40.75781615445263,-73.99467990519405]|
101051,|[40.758718570386854,-73.99449890352304]|
101052,|[40.75950577309655,-73.99364316384477]|
101053,|[40.75996169778425,-73.99345442290243]|
101054,|[40.76056058078596,-73.9929311732878]|
101055,|[40.761187184128076,-73.99247847415675]|
101056,|[40.761861904082146,-73.99207563174241]|
101057,|[40.762361179770046,-73.99136712755364]|
101058,|[40.763054695554175,-73.99112134555136]|
101059,|[40.763674755137075,-73.99066232202586]|
101060,|[40.7643160439533,-73.99019857143468]|
101061,|[40.76494379540266,-73.98973834499128]|
101062,|[40.76552644615003,-73.98919928189838]|
101063,|[40.76617654669775,-73.98883864231821]|
101064,|[40.76681303723956,-73.98838628418616]|
101065,|[40.76745899446183,-73.98790453163107]|
101066,|[40.76804434403347,-73.98749105375879]|
101067,|[40.768808180507655,-73.9869569071736]|
101068,|[40.76938684639558,-73.98639217051202]|
101069,|[40.759122895352434,-73.99747277447871]|
101070,|[40.75978864286995,-73.99720954652639]|
101071,|[40.7604919591575,-73.9967051854832]|
101072,|[40.761187160655425,-73.99609580535426]|
101073,|[40.76184508459556,-73.99594655321894]|
101074,|[40.7623519292996,-73.99524646840459]|
101075,|[40.76292218942881,-73.99465309013846]|
101076,|[40.76363418058776,-73.99440378775077]|
101077,|[40.764361139249374,-73.99419322118436]|
101078,|[40.764896094845405,-73.9935063331387]|
101079,|[40.765608727729244,-73.99294626630757]|
101080,|[40.76611077728706,-73.99260793949676]|
101081,|[40.7668478173549,-73.99206791210224]|
101082,|[40.7673952488746,-73.99168259598117]|
101083,|[40.76783941019265,-73.99088797763251]|
101084,|[40.76864655850878,-73.99075974207838]|
101085,|[40.76930644490878,-73.99038332702094]|
101086,|[40.769988962299294,-73.98972266488272]|
101087,|[40.77071329238234,-73.98955333511293]|
101088,|[40.76036228770414,-74.00051503104794]|
101089,|[40.76094290160614,-74.00008889099729]|
101090,|[40.761664993956444,-73.99943661168453]|
101091,|[40.76223089524002,-73.99882138640437]|
101092,|[40.762817234138666,-73.99828900852822]|
101093,|[40.76332852736769,-73.99731482596393]|
101094,|[40.76402047057513,-73.99732819398125]|
101095,|[40.76466679204711,-73.99685186174851]|
101096,|[40.76525236984551,-73.9964262004221]|
101097,|[40.765656104223595,-73.99525235816249]|
101098,|[40.76652272284271,-73.99550313000233]|
101099,|[40.767175308288,-73.99502420331984]|
101100,|[40.76819775667518,-73.99463944087626]|
101102,|[40.76905065179362,-73.99366260722883]|
101103,|[40.76971893280924,-73.99323738570062]|
101104,|[40.77038278973718,-73.9929333517498]|
101105,|[40.771147061385875,-73.99263120239667]|
101106,|[40.771817517111316,-73.99216034329478]|
101107,|[40.764855122771934,-74.00104100902234]|
101109,|[40.76954883699307,-73.99763759462118]|
101111,|[40.78336894004626,-73.96444914157607]|
101113,|[40.76963215497627,-73.98259667221953]|
101114,|[40.77024690864789,-73.98249147646692]|
101115,|[40.77072755317169,-73.98180254146902]|
101116,|[40.77141439831358,-73.98099548420868]|
101117,|[40.772138695779184,-73.98077964677591]|
101118,|[40.77260484978935,-73.98043613084855]|
101119,|[40.77323495870888,-73.97997890701768]|
101120,|[40.77385932251994,-73.97952539033551]|
101121,|[40.774506607321584,-73.97906806251211]|
101122,|[40.77512871313439,-73.97860101144533]|
101123,|[40.775737256274084,-73.9781584727552]|
101124,|[40.776365680378156,-73.97769706372125]|
101125,|[40.777095265449844,-73.97716338498913]|
101126,|[40.77773578281111,-73.97669570752342]|
101127,|[40.77834063752341,-73.97618777931024]|
101128,|[40.77900206528099,-73.97577377271236]|
101129,|[40.77963660518408,-73.97531439747021]|
101130,|[40.781278773545736,-73.97415068299969]|
101131,|[40.770050368674674,-73.98602637623321]|
101132,|[40.771041110144644,-73.9852042556193]|
101134,|[40.77244000117443,-73.98439196805955]|
101137,|[40.773798189853196,-73.98351415062461]|
101138,|[40.77443356130671,-73.98282237246045]|
101139,|[40.77505636286274,-73.98234335054426]|
101140,|[40.77568179046938,-73.98191297281504]|
101141,|[40.77643673829852,-73.981362737196]|
101142,|[40.77684878039413,-73.98077463339959]|
101143,|[40.77754525622126,-73.98049887264145]|
101144,|[40.77829313559282,-73.98000762983881]|
101145,|[40.77893408620109,-73.97954135670474]|
101146,|[40.77956271806851,-73.97908160178923]|
101147,|[40.780189056845,-73.97861178064522]|
101148,|[40.780955446977714,-73.97844940325524]|
101149,|[40.781567643340736,-73.9776195842875]|
101150,|[40.78209947801888,-73.97722711980467]|
101151,|[40.77124521675309,-73.98886188889401]|
101152,|[40.77196508385887,-73.9886365497848]|
101154,|[40.77278529869152,-73.98791206530316]|
101156,|[40.77435989086281,-73.98659087026373]|
101157,|[40.77501974513849,-73.9861140974034]|
101158,|[40.77625931567077,-73.98503853397597]|
101162,|[40.77815752262269,-73.98388809355967]|
101163,|[40.77877832568071,-73.98340897136354]|
101164,|[40.77949080007919,-73.98294563986195]|
101165,|[40.7801251527264,-73.9823830648005]|
101166,|[40.780761028136816,-73.9819194170811]|
101167,|[40.78139576507269,-73.98145943956504]|
101168,|[40.78202690838066,-73.9809874134753]|
101169,|[40.78266549988156,-73.98053533859829]|
101170,|[40.783313862911136,-73.98007601919389]|
101171,|[40.77521660962171,-73.99006093350621]|
101179,|[40.777134291274635,-73.98726895417796]|
101182,|[40.77914715012225,-73.98625910262349]|
101183,|[40.779911043277764,-73.98581862400317]|
101184,|[40.780870208331535,-73.98464071786292]|
101185,|[40.782580610684526,-73.9836198538256]|
101186,|[40.783833686049704,-73.98265072927268]|
101187,|[40.783281910426055,-73.986115456059]|
101195,|[40.78290522629988,-73.97292565408061]|
101196,|[40.78353767929376,-73.97246442110189]|
101197,|[40.784173333451385,-73.97200252662844]|
101198,|[40.78480289210654,-73.97151882389335]|
101199,|[40.78544127227822,-73.97107477029743]|
101200,|[40.78617201249885,-73.97054444489976]|
101201,|[40.786796624209835,-73.97008813891298]|
101202,|[40.787413849382595,-73.96960229635204]|
101203,|[40.788060620598,-73.96913508478136]|
101204,|[40.788706168802904,-73.96866276127987]|
101205,|[40.78930284973799,-73.96823679220185]|
101206,|[40.78994449197484,-73.96775180102568]|
101207,|[40.79047070918177,-73.96714655314773]|
101208,|[40.79130745904991,-73.9667327728437]|
101209,|[40.791694939161964,-73.9662702191089]|
101210,|[40.78283298749953,-73.97669619993633]|
101211,|[40.783466980465285,-73.97623444838612]|
101212,|[40.78410066680801,-73.97576976881186]|
101213,|[40.784802315819206,-73.9752618114623]|
101214,|[40.7854014081034,-73.9748454920749]|
101215,|[40.78608685852987,-73.97432329208716]|
101216,|[40.78669935139793,-73.97387382888105]|
101217,|[40.78737222720322,-73.97340416671179]|
101218,|[40.78796941238444,-73.97291894875698]|
101219,|[40.78862000786479,-73.9724432355149]|
101220,|[40.78925167751552,-73.97201433584758]|
101221,|[40.7898476658004,-73.97153710145204]|
101222,|[40.79051094648062,-73.9711220604903]|
101223,|[40.79110394122266,-73.97058720321618]|
101224,|[40.79176978090693,-73.97019806356414]|
101225,|[40.79239725043921,-73.9697203486597]|
101226,|[40.793024710642506,-73.96923614268906]|
101227,|[40.7840318718043,-73.97953755565715]|
101228,|[40.784664489618784,-73.9790750597588]|
101229,|[40.78529902585053,-73.97861361018187]|
101230,|[40.785932982790044,-73.97814820006363]|
101231,|[40.786566258987754,-73.9776866733786]|
101232,|[40.78720496339102,-73.97722182094591]|
101233,|[40.78784110562553,-73.97675707093028]|
101234,|[40.788569116978465,-73.9762277178385]|
101235,|[40.78919417524349,-73.97577498786487]|
101236,|[40.78982171737115,-73.97531395626652]|
101237,|[40.7904125527577,-73.9748790185737]|
101238,|[40.79107533481903,-73.97440255619637]|
101239,|[40.791704525344706,-73.97393747562876]|
101240,|[40.79233000318674,-73.9734835044689]|
101241,|[40.79298957214044,-73.97302368348804]|
101242,|[40.793573809951155,-73.97257448790377]|
101243,|[40.79421312918369,-73.97211195851378]|
101244,|[40.78535937727254,-73.98138099981986]|
101245,|[40.78711494786785,-73.98029864735452]|
101246,|[40.78830436239774,-73.9798307275064]|
101247,|[40.7889701321124,-73.97944716087761]|
101248,|[40.789694516123475,-73.97890231246357]|
101249,|[40.79032342398244,-73.97845767750582]|
101250,|[40.79108881852183,-73.97776469868344]|
101251,|[40.79223679036281,-73.97648229110717]|
101252,|[40.793506728068266,-73.97562953201302]|
101253,|[40.79480721114474,-73.97493524635459]|
101254,|[40.78643079963087,-73.98410998808781]|
101257,|[40.75303954157028,-73.98236302622054]|
101258,|[40.75442828907668,-73.98227810773304]|
101259,|[40.75512139268194,-73.98196720093269]|
101260,|[40.7556924962228,-73.9813791595399]|
101261,|[40.7561308823213,-73.98048358546998]|
101262,|[40.75694499111719,-73.9804672963518]|
101263,|[40.75756761407445,-73.98001293230561]|
101264,|[40.75802695756586,-73.97919323917404]|
101265,|[40.75892772963154,-73.97902844609024]|
101266,|[40.75973766661265,-73.97933237822609]|
101267,|[40.76007403503408,-73.97818498691373]|
101268,|[40.76069944863686,-73.97767083374713]|
101269,|[40.76133325402506,-73.97725338398085]|
101270,|[40.761938803285595,-73.97680219077222]|
101271,|[40.76256578743455,-73.97634545770312]|
101272,|[40.76320566255747,-73.97589599426182]|
101273,|[40.76398022022824,-73.97550601856307]|
101274,|[40.764674952286924,-73.97522794091597]|
101275,|[40.75177724733384,-73.98006584972694]|
101276,|[40.752328848061595,-73.97948412665608]|
101277,|[40.75321805004329,-73.97938974963765]|
101278,|[40.753849236899384,-73.97893897239794]|
101279,|[40.7544638846238,-73.97847814757912]|
101280,|[40.75264130362059,-73.97660599790333]|
101281,|[40.75509402877809,-73.97802487896658]|
101282,|[40.7556062785753,-73.97727024265316]|
101283,|[40.75625859519418,-73.97686392595061]|
101284,|[40.75686358359372,-73.97638641181716]|
101285,|[40.75748318919405,-73.97590123743049]|
101286,|[40.75797406810918,-73.97478077515468]|
101287,|[40.7587297399537,-73.97499504750496]|
101288,|[40.75935346586614,-73.97453659835853]|
101289,|[40.75998145915504,-73.97408435985517]|
101290,|[40.76060848455796,-73.97362620146998]|
101291,|[40.761235248126916,-73.97317054538162]|
101292,|[40.76185351070792,-73.9727156090176]|
101293,|[40.76258251000705,-73.97218551768262]|
101294,|[40.76312318004392,-73.97155462515755]|
101295,|[40.75044499301535,-73.97669450990475]|
101296,|[40.75099495493449,-73.97634169671348]|
101297,|[40.75139062754941,-73.97506103216935]|
101298,|[40.75201573558232,-73.97457992974097]|
101299,|[40.7526450651352,-73.9741478042371]|
101300,|[40.75376630240806,-73.9748641424116]|
101301,|[40.75420074873822,-73.97394179502115]|
101302,|[40.7548219088078,-73.97349158203161]|
101303,|[40.755501156003355,-73.97318643245201]|
101304,|[40.756108734912495,-73.9726344495709]|
101305,|[40.75675758436328,-73.97209787557719]|
101306,|[40.7574212114394,-73.97159072516149]|
101307,|[40.757921488120786,-73.97109564964853]|
101308,|[40.758577648290625,-73.97075147978728]|
101309,|[40.75923499600561,-73.97035086346185]|
101310,|[40.759849166046976,-73.96988637138756]|
101311,|[40.76047384842575,-73.96944085966534]|
101312,|[40.761198466214324,-73.96890527465987]|
101313,|[40.76182003225402,-73.96845392911106]|
101314,|[40.749266408798746,-73.97408634454871]|
101315,|[40.74984444982473,-73.97366154784496]|
101316,|[40.7506083644865,-73.97309897107868]|
101317,|[40.75119748749553,-73.97266345050349]|
101318,|[40.75189859355528,-73.97228263663291]|
101319,|[40.752448380631954,-73.97175198678428]|
101320,|[40.753102724212745,-73.97136894248872]|
101321,|[40.75371534956284,-73.97084793001713]|
101322,|[40.754325988158485,-73.97035757544637]|
101323,|[40.75498107686413,-73.96998972293089]|
101324,|[40.75567930228988,-73.9694076000142]|
101325,|[40.75620889040044,-73.9690164717123]|
101326,|[40.756826184466576,-73.96849185493343]|
101327,|[40.75747190571329,-73.96805316688248]|
101328,|[40.75808168464187,-73.967620213494]|
101329,|[40.758637834013996,-73.96704639486974]|
101330,|[40.759407549663635,-73.96690150686538]|
101331,|[40.76006018886913,-73.96620584395606]|
101332,|[40.76069751144435,-73.96576075382707]|
101333,|[40.74826827785523,-73.97179557159316]|
101334,|[40.74891727151502,-73.97141704236144]|
101335,|[40.74963533390124,-73.9708968552111]|
101336,|[40.750251730456064,-73.97034347532914]|
101337,|[40.75089205609096,-73.96987813514883]|
101338,|[40.7514843694813,-73.96943668377666]|
101339,|[40.75202518252719,-73.96907927741876]|
101340,|[40.752789849441214,-73.96858906804933]|
101341,|[40.753381051933786,-73.96807016628625]|
101342,|[40.75395532784131,-73.96761746537999]|
101343,|[40.75461467959957,-73.96714826728417]|
101344,|[40.75523658136799,-73.96671218744996]|
101345,|[40.75586063739651,-73.96625360581662]|
101346,|[40.75647959452884,-73.96579805562862]|
101347,|[40.75714345520466,-73.96540928025486]|
101348,|[40.75780617609496,-73.96512987907235]|
101349,|[40.75836451973208,-73.96443034368602]|
101350,|[40.75913984136234,-73.96386838061918]|
101351,|[40.75970119915641,-73.96343925048038]|
101353,|[40.74794952958794,-73.96914730053186]|
101354,|[40.7487075956609,-73.96903087063097]|
101360,|[40.752426645449845,-73.96591938349025]|
101361,|[40.75319463729614,-73.96502495965731]|
101362,|[40.75379562768069,-73.96525680524945]|
101363,|[40.754271907422094,-73.9644291375937]|
101364,|[40.75488059241239,-73.96392891932823]|
101365,|[40.75549797159357,-73.96348411247354]|
101366,|[40.7561395833181,-73.96303475738088]|
101367,|[40.7567740720483,-73.96253255837702]|
101368,|[40.757390481881174,-73.96211995198342]|
101369,|[40.75811638046838,-73.96159342101234]|
101370,|[40.75873981803299,-73.96113566267671]|
101371,|[40.75570732356474,-73.96135778184211]|
101372,|[40.757219141930186,-73.9603097947662]|
101373,|[40.76223634005885,-73.94981146795482]|
101374,|[40.76383359067954,-73.97127178887538]|
101375,|[40.764461408077864,-73.97081902775682]|
101376,|[40.7650888422739,-73.9703640218171]|
101377,|[40.76571204756509,-73.9699054452901]|
101378,|[40.766338193614494,-73.96944768264758]|
101379,|[40.76696254305359,-73.96899355306314]|
101380,|[40.767590472203494,-73.96852796128238]|
101381,|[40.76821272944303,-73.96808035544774]|
101382,|[40.76883911388034,-73.96761897444958]|
101383,|[40.76946885904999,-73.96716833269164]|
101384,|[40.77009846881917,-73.9667139144861]|
101385,|[40.77069969887572,-73.96617678814181]|
101386,|[40.77134418622392,-73.96578706945064]|
101387,|[40.77207785889001,-73.96525850322872]|
101388,|[40.77271942502763,-73.96479153179939]|
101389,|[40.773345704341594,-73.96433618333737]|
101390,|[40.77398085838161,-73.96387377589187]|
101391,|[40.77461515002739,-73.96340819037515]|
101392,|[40.77525191777538,-73.96294652240586]|
101393,|[40.77589028814842,-73.96247667714928]|
101394,|[40.762457998487406,-73.96798383787389]|
101395,|[40.76307247773414,-73.96753975928499]|
101396,|[40.76370998800707,-73.96709179465762]|
101397,|[40.764328519067725,-73.96662634951034]|
101398,|[40.76498252153516,-73.96613677865055]|
101399,|[40.7655975780427,-73.96573543204619]|
101400,|[40.766204659422684,-73.96525368356272]|
101401,|[40.766823991578946,-73.964781258665]|
101402,|[40.76745538888463,-73.96433901570242]|
101403,|[40.76807574206308,-73.96386359041969]|
101404,|[40.76877000118572,-73.96337449207184]|
101405,|[40.76932478510191,-73.9629715045119]|
101406,|[40.769972085828115,-73.96251625208185]|
101407,|[40.77073955849872,-73.96208252993739]|
101408,|[40.77132827081191,-73.96151299503376]|
101409,|[40.77196387448045,-73.96105551478234]|
101410,|[40.772601748373376,-73.96059311833056]|
101411,|[40.77297953146443,-73.95952240519311]|
101412,|[40.773835148975984,-73.95968251679683]|
101413,|[40.7745018827237,-73.95920111292173]|
101414,|[40.761337298944255,-73.96537456548575]|
101415,|[40.76197472352597,-73.96491158674161]|
101416,|[40.76257229884959,-73.96442320895468]|
101417,|[40.76318877258533,-73.96392087887438]|
101418,|[40.763802121756356,-73.96345680710336]|
101419,|[40.76444690385015,-73.96300892418773]|
101420,|[40.76503378309404,-73.96257712722385]|
101421,|[40.765936031764156,-73.96234689218886]|
101422,|[40.76634160313733,-73.96164755580914]|
101423,|[40.76695761631896,-73.96121202924756]|
101424,|[40.76760657724249,-73.96081147342633]|
101425,|[40.76819696028395,-73.96027033618833]|
101426,|[40.7688258939811,-73.95981188704857]|
101427,|[40.769565025852316,-73.9592996480387]|
101428,|[40.77019187824919,-73.95881392858904]|
101429,|[40.77086982758392,-73.95845537436972]|
101430,|[40.771459821877,-73.95788760223505]|
101431,|[40.77211475109721,-73.9574111848623]|
101432,|[40.77272871106095,-73.95696177458134]|
101433,|[40.77336430041437,-73.95650155962056]|
101435,|[40.76096480045368,-73.96253229722682]|
101436,|[40.7616218578136,-73.96204778242597]|
101437,|[40.76219629836034,-73.96159116402734]|
101438,|[40.76284774340208,-73.96116977366594]|
101439,|[40.763467807523924,-73.9606991306641]|
101440,|[40.764104194320126,-73.96022900248975]|
101441,|[40.76472135754478,-73.9597907737442]|
101442,|[40.765736731520875,-73.96026337859792]|
101443,|[40.76597253140335,-73.95887793604936]|
101444,|[40.76659820642781,-73.95842236773133]|
101445,|[40.76724817157948,-73.95796507128021]|
101446,|[40.76784829573452,-73.95749429854953]|
101447,|[40.768675507728275,-73.95690383200656]|
101448,|[40.769209902906354,-73.95650411062888]|
101449,|[40.76979303797988,-73.95604517660894]|
101450,|[40.77048574520538,-73.95557277872325]|
101451,|[40.771121661672765,-73.95512218622818]|
101452,|[40.771724679431486,-73.9546854645067]|
101453,|[40.77238298889185,-73.95419158617793]|
101454,|[40.759505564225904,-73.96133750543274]|
101455,|[40.76002257187579,-73.96017635976489]|
101456,|[40.76061903477151,-73.95976500743693]|
101457,|[40.76140527509303,-73.95936001256507]|
101458,|[40.76186900495962,-73.95885686313116]|
101459,|[40.76259332096622,-73.95810186007562]|
101460,|[40.763120344548824,-73.95793753499119]|
101461,|[40.76384468043379,-73.9574396560724]|
101462,|[40.76436241979111,-73.9570005260262]|
101463,|[40.76505846142334,-73.95683242538576]|
101464,|[40.7656461458438,-73.95609445593774]|
101465,|[40.76628416010496,-73.95568084246139]|
101466,|[40.76687836103567,-73.95519579694684]|
101467,|[40.76763198980197,-73.95470881427698]|
101468,|[40.768287338096556,-73.95427049513482]|
101469,|[40.76888051103512,-73.95373835096251]|
101470,|[40.76951391003636,-73.953272929478]|
101471,|[40.77014940351553,-73.95281469383733]|
101472,|[40.77078861788146,-73.95235250773811]|
101473,|[40.771416881897395,-73.95188574349638]|
101474,|[40.7590067974165,-73.95885172625225]|
101475,|[40.76087512934586,-73.95706536487715]|
101480,|[40.76288194480081,-73.95511790483457]|
101482,|[40.76524122224855,-73.95328054279231]|
101483,|[40.76592834631482,-73.95293842014748]|
101484,|[40.76663940289314,-73.95236200038309]|
101485,|[40.76747092636032,-73.95236628532126]|
101486,|[40.76792636401486,-73.951323802037]|
101487,|[40.76846422041261,-73.95089684788206]|
101488,|[40.76931773078422,-73.95026950172613]|
101489,|[40.77007012253439,-73.95036525859081]|
101490,|[40.77035351058481,-73.9493618995472]|
101491,|[40.77666952976876,-73.96193220872914]|
101492,|[40.77725329276923,-73.96148686686476]|
101493,|[40.77788823433105,-73.96102640972707]|
101494,|[40.77852109760619,-73.96055515182238]|
101495,|[40.77915650420448,-73.96010790200813]|
101496,|[40.77978867383466,-73.95963739538345]|
101497,|[40.7804220558627,-73.9591712974642]|
101498,|[40.78115282663916,-73.95863953714496]|
101499,|[40.78178081303768,-73.95818452061816]|
101500,|[40.78235785874574,-73.95774100882699]|
101501,|[40.78299443393253,-73.95729753058038]|
101502,|[40.78373769672035,-73.9567258567981]|
101503,|[40.784285829340185,-73.95634956894077]|
101504,|[40.78491368245728,-73.95589183327894]|
101505,|[40.785541446513136,-73.95543275270579]|
101506,|[40.786465817662005,-73.95568061413483]|
101507,|[40.7868000983575,-73.9545172671524]|
101508,|[40.775234121658336,-73.9586677551578]|
101509,|[40.77586524793372,-73.95820047991783]|
101510,|[40.776496676781875,-73.95773450322699]|
101511,|[40.777135403769364,-73.9572803069241]|
101512,|[40.7777763512313,-73.9568147682526]|
101513,|[40.77843788670383,-73.95632581004615]|
101514,|[40.77907554003238,-73.9558623077753]|
101515,|[40.77976594371175,-73.95535448509911]|
101516,|[40.780400820801425,-73.95487803479378]|
101517,|[40.78102233793163,-73.95444310951329]|
101518,|[40.78165032089127,-73.95398082028643]|
101519,|[40.78226533436141,-73.95363569509674]|
101520,|[40.78290586375934,-73.95306709972893]|
101521,|[40.78351275942512,-73.95262511005208]|
101522,|[40.784158389831326,-73.95215055933946]|
101523,|[40.78477790267793,-73.95169456918609]|
101524,|[40.78542087939644,-73.95124374877165]|
101525,|[40.77409656728473,-73.95595435296144]|
101526,|[40.77472895834937,-73.95550427460356]|
101527,|[40.775354389618286,-73.95503907975326]|
101528,|[40.775994270932635,-73.95457927305108]|
101529,|[40.77665542023627,-73.9540897612254]|
101530,|[40.777268097809596,-73.95364782980806]|
101531,|[40.777891567514274,-73.9531887404055]|
101532,|[40.7786330543764,-73.95267071825313]|
101533,|[40.77925236366963,-73.95220823439843]|
101534,|[40.779877051965244,-73.95174230701829]|
101535,|[40.780503328156705,-73.95126039668966]|
101536,|[40.78155029654785,-73.9512862168861]|
101537,|[40.78188002536594,-73.95032153307997]|
101538,|[40.78238588919262,-73.9499215130659]|
101539,|[40.783113081708485,-73.94962302903751]|
101540,|[40.78364659307407,-73.94899124257898]|
101541,|[40.784375825488326,-73.94853345675267]|
101542,|[40.7731218502754,-73.95364609141023]|
101543,|[40.773784460370685,-73.95320121870517]|
101544,|[40.77439191230572,-73.95274187431656]|
101545,|[40.77502761691593,-73.95227070433207]|
101546,|[40.77571024780935,-73.95179129156101]|
101547,|[40.776298970014295,-73.95136395539953]|
101548,|[40.77693113356949,-73.95088370074524]|
101549,|[40.777660191240265,-73.95034865280647]|
101550,|[40.77828396749605,-73.94986302513243]|
101551,|[40.778894301214855,-73.94945391696933]|
101552,|[40.77953887835871,-73.94897896432545]|
101553,|[40.78016647069205,-73.94852070344828]|
101554,|[40.78079942343742,-73.94806555615716]|
101555,|[40.7814150830586,-73.94761977689164]|
101556,|[40.78208033344562,-73.94712182769045]|
101557,|[40.78268209268451,-73.94665821985808]|
101558,|[40.78336978869298,-73.94638761720432]|
101559,|[40.77214855835794,-73.95135469277321]|
101560,|[40.77282194741749,-73.95085713011532]|
101561,|[40.77345262689458,-73.95042856649587]|
101562,|[40.7740522823903,-73.94996246603596]|
101563,|[40.774670204049315,-73.94951199449639]|
101564,|[40.775326972263755,-73.94901995093309]|
101565,|[40.775959564707286,-73.94854859385069]|
101566,|[40.776702670452295,-73.94808429677894]|
101567,|[40.7773010621053,-73.94759165098168]|
101568,|[40.7779759498374,-73.94720822186923]|
101569,|[40.778593189809,-73.94670297304094]|
101570,|[40.77919862812052,-73.94621490105845]|
101571,|[40.77982132219083,-73.94575241584232]|
101573,|[40.78110565350741,-73.94485843085013]|
101576,|[40.7711803553467,-73.9490417869573]|
101577,|[40.77189518109414,-73.94870601463134]|
101578,|[40.7724428886752,-73.94813275358271]|
101579,|[40.773161912395345,-73.94760153836825]|
101580,|[40.773717398201036,-73.94719744742858]|
101581,|[40.77441551705678,-73.94692457159636]|
101582,|[40.77498594282635,-73.9462702965258]|
101583,|[40.77573007183605,-73.94572919187773]|
101584,|[40.77634563758471,-73.94527505706489]|
101585,|[40.776968710189976,-73.94482669777057]|
101586,|[40.77758874493291,-73.94439412266158]|
101587,|[40.778259598997856,-73.94322656279465]|
101589,|[40.77097871543232,-73.94727586726773]|
101590,|[40.77255675468831,-73.94576431106813]|
101592,|[40.775691393940676,-73.9439111511023]|
101594,|[40.79783614299539,-73.95071977951937]|
101595,|[40.79849027668101,-73.95010453624889]|
101596,|[40.79998999115993,-73.94893573488142]|
101599,|[40.80088636341402,-73.94835553871883]|
101600,|[40.80161468135046,-73.947840108799]|
101601,|[40.80233930913454,-73.94729616612295]|
101602,|[40.7875181084608,-73.95399225018048]|
101603,|[40.788148422977294,-73.95354126987527]|
101604,|[40.78873473039858,-73.9531059379895]|
101605,|[40.79060703742769,-73.95125940565204]|
101607,|[40.79098457202342,-73.95245805388153]|
101608,|[40.79144376787734,-73.95148735330139]|
101609,|[40.79232258931359,-73.95173065304947]|
101610,|[40.79294436539641,-73.95097795382225]|
101611,|[40.79332910278339,-73.95020145475078]|
101612,|[40.79397898237673,-73.94950795586828]|
101613,|[40.794654436742775,-73.94878873171835]|
101614,|[40.795295642489805,-73.94871561658533]|
101615,|[40.79597945250809,-73.94841044324477]|
101616,|[40.796325238385066,-73.94737031459815]|
101617,|[40.79723095946672,-73.94759640882961]|
101618,|[40.79855592335326,-73.9469207950219]|
101620,|[40.797837308355106,-73.94545741534108]|
101621,|[40.79955663336091,-73.94520466259925]|
101622,|[40.80028087052135,-73.9446786098913]|
101623,|[40.80091169984155,-73.94418768245559]|
101624,|[40.786158126049614,-73.950762689873]|
101625,|[40.7867807424039,-73.95026173501407]|
101626,|[40.787562540073054,-73.9495494757242]|
101627,|[40.788022181487214,-73.94932986618763]|
101628,|[40.7886486805473,-73.94887048900338]|
101629,|[40.78925369252805,-73.94841194760761]|
101630,|[40.78992585734473,-73.94794027454162]|
101631,|[40.79051120293116,-73.94745428493609]|
101632,|[40.791150863464296,-73.94695783340174]|
101633,|[40.791764117352486,-73.94646969549996]|
101634,|[40.79251741385052,-73.94604893080538]|
101635,|[40.793002277237605,-73.94535833089721]|
101636,|[40.79377321803507,-73.94504282167478]|
101637,|[40.794252505976104,-73.94416637267304]|
101638,|[40.79507792294986,-73.94417737010207]|
101639,|[40.79562426395158,-73.94360724278569]|
101640,|[40.797266375138406,-73.94308827819202]|
101643,|[40.79817205868115,-73.94192170998048]|
101644,|[40.798896615275524,-73.94139053904671]|
101645,|[40.79955515842755,-73.94094864108365]|
101646,|[40.785037667449444,-73.94789647707488]|
101647,|[40.7859149611071,-73.94628800160115]|
101649,|[40.78680058635679,-73.94635475894262]|
101652,|[40.78917003639381,-73.94497918813616]|
101654,|[40.790086861962536,-73.94448151986552]|
101655,|[40.79067315406962,-73.9438652720224]|
101656,|[40.792241603231815,-73.94246087260268]|
101659,|[40.793263318860795,-73.9419770774108]|
101660,|[40.79388515311925,-73.94149749950805]|
101661,|[40.79451724376773,-73.9410546706616]|
101662,|[40.79543907089761,-73.94002508895858]|
101665,|[40.79701593711963,-73.93923332869092]|
101666,|[40.79775035976965,-73.93870012577045]|
101667,|[40.798381002783756,-73.93823680663326]|
101668,|[40.78428304259361,-73.94665557149217]|
101669,|[40.78490650751446,-73.94529619040202]|
101671,|[40.78593920566449,-73.94444138856838]|
101672,|[40.78653241100628,-73.94382952272557]|
101673,|[40.78724425875013,-73.9433774642044]|
101674,|[40.78779777581155,-73.94295136045125]|
101675,|[40.78845860806446,-73.94253682706072]|
101676,|[40.78904272419251,-73.94204331685697]|
101677,|[40.78975297943777,-73.94153495232182]|
101678,|[40.790901121117656,-73.93998207884346]|
101680,|[40.79165938298705,-73.94013132379003]|
101681,|[40.79229018100936,-73.93966665325112]|
101682,|[40.79292023183735,-73.93920976486132]|
101683,|[40.79354833246229,-73.93874880336216]|
101684,|[40.79501114495935,-73.93783968434963]|
101687,|[40.79606045312343,-73.93691383309647]|
101688,|[40.79678341546865,-73.93638827191009]|
101689,|[40.79741241637757,-73.9359265025283]|
101691,|[40.78441020611571,-73.94318570298461]|
101693,|[40.78504327277001,-73.94231750536436]|
101694,|[40.78589273101718,-73.94149505006226]|
101696,|[40.788421188304014,-73.94042262444609]|
101699,|[40.78876095463245,-73.9391091019377]|
101700,|[40.78916018428367,-73.93787440106284]|
101701,|[40.79048014043504,-73.93789716662761]|
101704,|[40.792283325587206,-73.93769547769409]|
101705,|[40.79343385903272,-73.9365540396825]|
101708,|[40.7944503719123,-73.93507703906502]|
101709,|[40.795077534946,-73.93461788695726]|
101710,|[40.79580160805864,-73.93408386611216]|
101711,|[40.79641972558501,-73.93357686719685]|
101713,|[40.7939791227427,-73.93320844271088]|
101715,|[40.79493006184043,-73.93194409643158]|
101716,|[40.79559926718874,-73.93104894329214]|
101717,|[40.80288000326374,-73.9469223765667]|
101718,|[40.80348260564123,-73.94641749327772]|
101719,|[40.804588524303675,-73.9448065572812]|
101720,|[40.80466345360924,-73.9466273677989]|
101721,|[40.80591590988324,-73.94570171293486]|
101722,|[40.806654141875114,-73.94414915043652]|
101723,|[40.807358973625455,-73.94362867977881]|
101724,|[40.80798014648781,-73.9431686449695]|
101725,|[40.80860504486485,-73.94271388875583]|
101726,|[40.80924533706461,-73.94225290561815]|
101727,|[40.80983276327641,-73.94182581027357]|
101728,|[40.81054565787379,-73.94161845151902]|
101729,|[40.811096909880156,-73.94090360604675]|
101730,|[40.8121487766598,-73.94006218194897]|
101733,|[40.81397052446742,-73.93979406044184]|
101734,|[40.81410034770705,-73.93804128207623]|
101735,|[40.81493449497896,-73.93810006274302]|
101736,|[40.81560301019587,-73.9376068255976]|
101737,|[40.81680617820221,-73.93762663050364]|
101739,|[40.8170877995957,-73.93544815693849]|
101740,|[40.8180493679711,-73.93581817079797]|
101741,|[40.81959071688769,-73.93623531358864]|
101744,|[40.82109890571709,-73.93523769898306]|
101745,|[40.80159659875623,-73.9438537139572]|
101746,|[40.80223614411035,-73.94342463934498]|
101747,|[40.802791054569425,-73.94201548852722]|
101748,|[40.804025647004934,-73.9412098364124]|
101749,|[40.80536026061186,-73.94119895053424]|
101750,|[40.806167449091234,-73.94056421231166]|
101751,|[40.80671601524633,-73.94014989869486]|
101752,|[40.807280055723325,-73.93956578562167]|
101753,|[40.80786917869329,-73.9391371027655]|
101754,|[40.808564909220344,-73.93874934805439]|
101755,|[40.809146317031974,-73.93818910292765]|
101756,|[40.809857171427645,-73.9377622794484]|
101757,|[40.81172878001402,-73.93678744896113]|
101760,|[40.81310325407192,-73.93547591330257]|
101763,|[40.81476598447642,-73.93534027314585]|
101764,|[40.816016163356565,-73.93482934652467]|
101767,|[40.80008419296396,-73.94030212279016]|
101768,|[40.80079545789741,-73.94016394442536]|
101769,|[40.80140951259831,-73.93955575349389]|
101770,|[40.80203850670685,-73.93909662967593]|
101771,|[40.80268451809823,-73.9386254789724]|
101772,|[40.803268610401915,-73.93819827422679]|
101773,|[40.80402496488502,-73.93764592570321]|
101774,|[40.804642673472394,-73.93718041035947]|
101775,|[40.8053534955328,-73.93667676345285]|
101776,|[40.80570807270264,-73.93551133833833]|
101777,|[40.8068060536248,-73.93640838962222]|
101778,|[40.80765485670774,-73.93655901834742]|
101779,|[40.80805459052598,-73.93572740646054]|
101780,|[40.80874427044527,-73.935394128468]|
101782,|[40.80874401622296,-73.93424616202492]|
101783,|[40.799012211817555,-73.93777413447836]|
101784,|[40.79970498319305,-73.93727637391686]|
101785,|[40.800263595480295,-73.93674259132885]|
101786,|[40.80092546554464,-73.9364607784329]|
101787,|[40.80153582356215,-73.93595247010852]|
101788,|[40.80215518407539,-73.9354799317789]|
101789,|[40.80278700701841,-73.93501862231051]|
101790,|[40.803576997797585,-73.93459621407825]|
101791,|[40.8044455256958,-73.93427851402627]|
101792,|[40.8047188545071,-73.93360697000061]|
101793,|[40.80539550976523,-73.93266270394439]|
101794,|[40.80611093157438,-73.93240736885761]|
101795,|[40.79807525587984,-73.93554852092663]|
101796,|[40.798661191894915,-73.9350162622193]|
101797,|[40.79978916441837,-73.93376976148579]|
101801,|[40.80184336897177,-73.93268731934552]|
101802,|[40.80269544133458,-73.93198841453003]|
101803,|[40.803087309686575,-73.9316549913355]|
101806,|[40.79707893597347,-73.93316437607555]|
101807,|[40.79781089637551,-73.93264730125712]|
101808,|[40.79832253766811,-73.93225033637894]|
101811,|[40.80113061502382,-73.93026545252374]|
101815,|[40.79632999662559,-73.93138426124295]|
101816,|[40.79670873663605,-73.93019494410677]|
101819,|[40.78836389430067,-73.92505018934372]|
101820,|[40.79910452281776,-73.95378958689095]|
101821,|[40.79966758480477,-73.95325912506038]|
101822,|[40.80034314102209,-73.9529111975882]|
101823,|[40.80092682223385,-73.95235021593408]|
101824,|[40.80155027472141,-73.95184238703521]|
101825,|[40.80229918640839,-73.9513360308843]|
101826,|[40.8002313621319,-73.95640014074809]|
101827,|[40.80086845214899,-73.95610138093303]|
101828,|[40.80151042318991,-73.95568440264704]|
101829,|[40.80213689895572,-73.95522707285743]|
101830,|[40.80277821353954,-73.95476009672689]|
101831,|[40.803395893696006,-73.95430925457688]|
101832,|[40.792532551862095,-73.96584469721648]|
101833,|[40.79364667668136,-73.96510640092316]|
101836,|[40.795250607237506,-73.96360116558694]|
101837,|[40.7954937866377,-73.96271195562008]|
101838,|[40.79602552287243,-73.96246288966344]|
101839,|[40.79665509389472,-73.96200699495954]|
101840,|[40.79756931397374,-73.96222541075457]|
101841,|[40.798238806226564,-73.96187346012394]|
101842,|[40.798912628820055,-73.96124609046898]|
101843,|[40.799552247098866,-73.96078227293869]|
101844,|[40.80021399403444,-73.96022647485685]|
101845,|[40.80074933407809,-73.95994424208425]|
101846,|[40.801497240121975,-73.9588201863811]|
101847,|[40.80261870150781,-73.95765682401239]|
101848,|[40.80386521248725,-73.95674488686927]|
101849,|[40.804718312938746,-73.9578499192175]|
101850,|[40.808081763234895,-73.9576141600744]|
101851,|[40.793704153039634,-73.96876954038558]|
101852,|[40.794848883878146,-73.96791665256542]|
101855,|[40.79719721167568,-73.96694711194539]|
101859,|[40.79883891032294,-73.9650084527849]|
101860,|[40.79939907273615,-73.96460606180175]|
101861,|[40.800099928174305,-73.96409729028848]|
101862,|[40.8007654146985,-73.96364642182729]|
101863,|[40.80133657659838,-73.96319329037397]|
101864,|[40.80204483943285,-73.96267991105529]|
101865,|[40.80349502702525,-73.96172607730904]|
101866,|[40.804859495565125,-73.96103932721175]|
101867,|[40.80558155452138,-73.96077166422384]|
101868,|[40.79504192734581,-73.97183463212224]|
101869,|[40.79556867074344,-73.97112383892835]|
101870,|[40.79619308417921,-73.97066657911465]|
101871,|[40.796798645486234,-73.97023035303403]|
101872,|[40.79747267570876,-73.96977114603419]|
101873,|[40.798078257477876,-73.96928559540714]|
101874,|[40.79871874160604,-73.9688401652387]|
101875,|[40.79933814614492,-73.96837285499743]|
101876,|[40.799965558151655,-73.96791168340557]|
101877,|[40.80059546856013,-73.96745166618616]|
101878,|[40.80119215625307,-73.96662366270016]|
101879,|[40.80189306576327,-73.96633626508182]|
101880,|[40.80255787963174,-73.96596678275381]|
101881,|[40.80316456449189,-73.96552944485339]|
101882,|[40.80382980209852,-73.96503825897196]|
101883,|[40.804472021113966,-73.9646641392201]|
101884,|[40.80508711436636,-73.96413844646285]|
101885,|[40.80570141192918,-73.96367366862052]|
101886,|[40.806348107965555,-73.96173526317762]|
101887,|[40.79609147488722,-73.97366904322877]|
101888,|[40.79734483036716,-73.97274913526931]|
101889,|[40.798640806904935,-73.9719061318493]|
101890,|[40.799927585804255,-73.97082220515395]|
101891,|[40.80110684843763,-73.9699741191072]|
101892,|[40.80246685662645,-73.96899570984525]|
101893,|[40.80369783177524,-73.96809984330869]|
101894,|[40.80497196918756,-73.96710327234965]|
101895,|[40.806296570914334,-73.96639903615139]|
101896,|[40.807597176626274,-73.9655837747028]|
101897,|[40.804792749073044,-73.96993104750157]|
101901,|[40.80290175034041,-73.9509093924583]|
101902,|[40.80353864335363,-73.95045449277762]|
101903,|[40.804160329743965,-73.94998041458801]|
101904,|[40.804812070374695,-73.94950783494617]|
101905,|[40.805415727460186,-73.94905838237456]|
101906,|[40.80604696881905,-73.94860706233084]|
101907,|[40.80667579606202,-73.94814660645847]|
101908,|[40.80730472970211,-73.94768948164815]|
101909,|[40.808053725453306,-73.94751689758252]|
101910,|[40.808545072847636,-73.9461503655841]|
101911,|[40.809249999112495,-73.94617912029061]|
101912,|[40.80986396015075,-73.94581831784456]|
101913,|[40.81052453680725,-73.94533313919203]|
101914,|[40.811157834325215,-73.94489823709327]|
101915,|[40.81176213092233,-73.94442912525957]|
101916,|[40.812301911773346,-73.94377508530926]|
101917,|[40.813011037675054,-73.94351645914664]|
101918,|[40.813642126397895,-73.9430561484611]|
101919,|[40.814278720724914,-73.94261935452796]|
101920,|[40.81499034634915,-73.94208397156042]|
101921,|[40.8156125854877,-73.94161429514385]|
101922,|[40.80407936639057,-73.9539255960638]|
101923,|[40.80474680281008,-73.95331915076724]|
101924,|[40.80537763413804,-73.95286356517255]|
101925,|[40.80600590573562,-73.95241083260743]|
101926,|[40.80662038749635,-73.9519090778252]|
101927,|[40.80730358833672,-73.9514571356959]|
101928,|[40.80790921665068,-73.95101203231303]|
101929,|[40.8085302461576,-73.95058464349378]|
101930,|[40.809147048935166,-73.95011355403724]|
101931,|[40.809868521715785,-73.94958692233965]|
101932,|[40.81051228565124,-73.94911649543326]|
101933,|[40.8123456615235,-73.94772460121418]|
101937,|[40.81357925498952,-73.94680395842744]|
101938,|[40.81422579411101,-73.94631517144956]|
101939,|[40.81485874504834,-73.94593838710723]|
101940,|[40.815545495946104,-73.94543920047045]|
101941,|[40.81626228640975,-73.94491553635929]|
101942,|[40.816762019104814,-73.94432327636393]|
101943,|[40.80529390786347,-73.9565639867348]|
101944,|[40.80604584397376,-73.95629933941969]|
101945,|[40.80656085932886,-73.95566951434918]|
101946,|[40.80730120155967,-73.95526189572922]|
101947,|[40.80782193604446,-73.95475412008747]|
101948,|[40.8083710186761,-73.9543363312435]|
101949,|[40.80913629470052,-73.95398260209421]|
101950,|[40.80973853714329,-73.95344109229627]|
101951,|[40.81030718183798,-73.95286841898061]|
101952,|[40.811074414329724,-73.95250736390092]|
101953,|[40.8117101287923,-73.95195423005603]|
101954,|[40.812368708940056,-73.95155845648023]|
101955,|[40.812724811429774,-73.94991920097448]|
101957,|[40.8170974607094,-73.95046915991006]|
101958,|[40.81448521965241,-73.94872274605248]|
101959,|[40.81590332330619,-73.9477312667409]|
101960,|[40.81729997273763,-73.94693132215573]|
101961,|[40.80717069160009,-73.959840965593]|
101962,|[40.80817798397801,-73.95896143775232]|
101963,|[40.80944887296512,-73.95813454813742]|
101964,|[40.811126967486175,-73.95643135511611]|
101966,|[40.81261482787252,-73.9549743230672]|
101967,|[40.813374104766424,-73.954472541759]|
101968,|[40.81392960224838,-73.95341504342923]|
101969,|[40.81455390807476,-73.95295549556687]|
101970,|[40.81617761256013,-73.9533809777966]|
101971,|[40.817816796278635,-73.9522372509658]|
101973,|[40.809586913266685,-73.96085189211772]|
101975,|[40.809872694393164,-73.95989604863126]|
101976,|[40.81081491499532,-73.9599412990584]|
101977,|[40.81149340767554,-73.95944057733493]|
101978,|[40.81280006432119,-73.95877021874298]|
101980,|[40.81417128279963,-73.95766819007153]|
101982,|[40.81480762593574,-73.95702151947629]|
101983,|[40.81500816432937,-73.95620303229155]|
101984,|[40.81581735064907,-73.95606831412398]|
101986,|[40.81773891558083,-73.9560024287353]|
101987,|[40.81841821120092,-73.95439018747993]|
101988,|[40.81943981721906,-73.95349378832385]|
101989,|[40.810203218140856,-73.9630270872878]|
101990,|[40.80937289630266,-73.96490846358162]|
101991,|[40.81117333157789,-73.96339986025578]|
101992,|[40.81125419702265,-73.96225790082644]|
101993,|[40.8131910234902,-73.9608754997324]|
101994,|[40.81402919498588,-73.9613656757257]|
101995,|[40.81642602165377,-73.95963169000679]|
101996,|[40.817138795247516,-73.95914933857179]|
101998,|[40.81848434090806,-73.95816669935388]|
101999,|[40.81894259803909,-73.95756326540274]|
102001,|[40.82010310202112,-73.9578874347029]|
102002,|[40.821084030494355,-73.95589838769683]|
102004,|[40.818572097083575,-73.96056028349079]|
102005,|[40.82090245448606,-73.95903537229066]|
102006,|[40.816188036141234,-73.9410906404766]|
102007,|[40.81686110115412,-73.94071667720185]|
102008,|[40.81761254313624,-73.94064974959744]|
102009,|[40.81810259226795,-73.9397955909465]|
102010,|[40.81872852645831,-73.93934163326485]|
102011,|[40.81935094075256,-73.93888640619952]|
102012,|[40.819912665850666,-73.93847735581981]|
102013,|[40.82059929075115,-73.93797679978113]|
102014,|[40.82134250468545,-73.93743497681395]|
102015,|[40.82194935474189,-73.93700647568625]|
102016,|[40.8234515999109,-73.9356706247401]|
102023,|[40.81749824403211,-73.94391437778529]|
102024,|[40.81807322204912,-73.94359503724033]|
102025,|[40.818694516543054,-73.94313631855938]|
102026,|[40.819411643958944,-73.94258969890325]|
102027,|[40.8199212202839,-73.94221526030869]|
102028,|[40.820633909394694,-73.94160449910396]|
102029,|[40.821160481812115,-73.94127608673912]|
102030,|[40.82182168399016,-73.94085861905825]|
102031,|[40.82263156030268,-73.94026581360433]|
102032,|[40.82310691503228,-73.93991504415351]|
102033,|[40.823782822963025,-73.93942027684727]|
102034,|[40.82444717494673,-73.9389450995223]|
102035,|[40.82534948209893,-73.93865123099152]|
102036,|[40.82574890921374,-73.93811940372589]|
102037,|[40.826509402600934,-73.9381215880456]|
102038,|[40.827312751061356,-73.93781435442475]|
102039,|[40.827815472290496,-73.9372738104031]|
102040,|[40.82823207955445,-73.93659127401514]|
102041,|[40.81856135626129,-73.94598496221127]|
102042,|[40.81974888036942,-73.94499283738479]|
102043,|[40.82097328824388,-73.94411143683973]|
102044,|[40.82222876022941,-73.94312777074765]|
102045,|[40.82416765981206,-73.94162002665324]|
102046,|[40.82686650368896,-73.9396471528556]|
102047,|[40.82856158632296,-73.93850040211413]|
102048,|[40.81935268612142,-73.94661749507029]|
102050,|[40.82259374862476,-73.94656446415893]|
102051,|[40.82191640480649,-73.94496734997242]|
102052,|[40.825894422694304,-73.94128617201918]|
102053,|[40.824925545851706,-73.94344955111376]|
102054,|[40.82796750224278,-73.94124223810306]|
102057,|[40.82200102994444,-73.9490398888006]|
102058,|[40.82285199133337,-73.94843199438897]|
102059,|[40.824088517979476,-73.94754483476325]|
102060,|[40.82499004242378,-73.94592961618838]|
102061,|[40.82553746617504,-73.9455269396976]|
102062,|[40.82615956483271,-73.94506577138256]|
102063,|[40.826796951153526,-73.94463896805576]|
102064,|[40.82745532091461,-73.94426642561737]|
102065,|[40.828082667419345,-73.94381983097485]|
102066,|[40.82866196772878,-73.94309397370657]|
102067,|[40.829291233614995,-73.94282050134078]|
102068,|[40.83035331127663,-73.942764860398]|
102069,|[40.82967165101303,-73.94125748579609]|
102070,|[40.821655200493154,-73.95202684183559]|
102071,|[40.822257791847235,-73.95158692600472]|
102072,|[40.8228795199065,-73.95113201741698]|
102073,|[40.82350441392977,-73.9506741492963]|
102074,|[40.824150755869,-73.95020781265725]|
102075,|[40.82479419881673,-73.94985002391104]|
102076,|[40.82537666007884,-73.94930802266006]|
102077,|[40.8260959283981,-73.94878406364099]|
102078,|[40.82672124256861,-73.94832606190248]|
102079,|[40.827345588826994,-73.94787271457791]|
102080,|[40.82796895008159,-73.94741724766135]|
102081,|[40.82859380055186,-73.94696303511468]|
102082,|[40.82921549082924,-73.94650429187419]|
102083,|[40.829839123622094,-73.94605086242]|
102084,|[40.83053198142742,-73.94576349426123]|
102085,|[40.83183911769416,-73.9453884240638]|
102086,|[40.82207117914424,-73.95501381711948]|
102087,|[40.82288502680397,-73.95444901276426]|
102088,|[40.82415427188265,-73.95350339683782]|
102089,|[40.82512587463219,-73.95257310599818]|
102090,|[40.825727235319206,-73.95206897722312]|
102091,|[40.82634104966751,-73.9516055582919]|
102092,|[40.82704132375976,-73.95102374856442]|
102093,|[40.82763175653707,-73.95050990905361]|
102094,|[40.828211858883975,-73.95009023401988]|
102095,|[40.82887695170046,-73.94961504135418]|
102096,|[40.82953781061356,-73.94921208923628]|
102097,|[40.830204477600674,-73.94886006013223]|
102098,|[40.830879031426505,-73.94852043060085]|
102099,|[40.831851617716396,-73.94840393534366]|
102100,|[40.83284421749569,-73.949226606132]|
102101,|[40.82463847649253,-73.9567919128211]|
102105,|[40.8291737072472,-73.93617606110105]|
102106,|[40.83648958226491,-73.93483036370816]|
102107,|[40.83169388573279,-73.94159012402093]|
102108,|[40.83288212974117,-73.94073294380192]|
102109,|[40.834183736617334,-73.93971652043084]|
102110,|[40.83586068105273,-73.9385144369751]|
102111,|[40.83747309669316,-73.93752808981161]|
102112,|[40.83947520101893,-73.93618359656386]|
102114,|[40.83249000329569,-73.94413876048452]|
102115,|[40.833051224466786,-73.94370734428657]|
102116,|[40.83366616727214,-73.94319704698557]|
102117,|[40.83429923622019,-73.94278998760322]|
102118,|[40.834882387684644,-73.94236678229088]|
102119,|[40.83555121747115,-73.9418984616068]|
102120,|[40.83615800541989,-73.94148390540555]|
102121,|[40.8372888904813,-73.93948819116781]|
102122,|[40.837376194488584,-73.94100851304844]|
102123,|[40.83899476682703,-73.93852849885087]|
102124,|[40.83959667784865,-73.93989207276151]|
102125,|[40.84068510080847,-73.93803172881633]|
102126,|[40.84128932447534,-73.93774065167639]|
102127,|[40.841914026660746,-73.9372778644819]|
102128,|[40.842523504366994,-73.93683250244096]|
102129,|[40.843166071945056,-73.93642609410429]|
102130,|[40.843790094637136,-73.93590840868129]|
102131,|[40.844407989377736,-73.93545797190754]|
102132,|[40.84523520204833,-73.93396740748479]|
102133,|[40.845866149483356,-73.93532566750642]|
102134,|[40.83433430811934,-73.94711807395387]|
102135,|[40.83614324349197,-73.94695560268167]|
102136,|[40.83730377141269,-73.94518859994923]|
102137,|[40.83704594709282,-73.94362706220159]|
102138,|[40.8407450329775,-73.94141003509259]|
102139,|[40.84322647857202,-73.94276434213003]|
102140,|[40.84236358624317,-73.94457370556654]|
102141,|[40.843066843867824,-73.93875261242061]|
102142,|[40.844566426405656,-73.93990243036484]|
102143,|[40.84489533760667,-73.9379036317973]|
102144,|[40.846386742758526,-73.93670121016851]|
102145,|[40.846811356712756,-73.93771899084746]|
102149,|[40.85154531034526,-73.92904174230839]|
102150,|[40.8576673468328,-73.92204519183093]|
102152,|[40.84761279003966,-73.93227212627568]|
102153,|[40.84782938731525,-73.93417014807815]|
102154,|[40.84960245635702,-73.93244643844776]|
102155,|[40.84906605463481,-73.93116755371979]|
102156,|[40.85084652141376,-73.9297724822268]|
102157,|[40.851466523683,-73.93123922131711]|
102158,|[40.853406826070106,-73.92981307828722]|
102159,|[40.85282075880582,-73.92841914806169]|
102160,|[40.85476687541171,-73.92685420909928]|
102161,|[40.85538110471059,-73.92829815332483]|
102162,|[40.84839530824381,-73.93551022440906]|
102163,|[40.84877477521955,-73.93641584987458]|
102164,|[40.85060747852252,-73.93485313824138]|
102165,|[40.85021682833458,-73.93389861756208]|
102166,|[40.8520288603903,-73.93257167769622]|
102167,|[40.852463416280244,-73.93361223616418]|
102168,|[40.85397316655842,-73.93115671271947]|
102169,|[40.85570034421596,-73.92975894039202]|
102170,|[40.85632264443265,-73.93038821008773]|
102171,|[40.859063315509914,-73.92926201123475]|
102172,|[40.86024138849352,-73.93016946994305]|
102173,|[40.85987161657451,-73.9270121619003]|
102174,|[40.86168196411964,-73.92781839393243]|
102175,|[40.86340297196853,-73.92874827135958]|
102176,|[40.848658484466185,-73.93821062098485]|
102177,|[40.84970696873492,-73.94088465357672]|
102178,|[40.86779403646025,-73.93239472809373]|
102179,|[40.8559960434506,-73.93719649119484]|
102180,|[40.85366231307978,-73.93519650878699]|
102183,|[40.85942226800515,-73.9199021016621]|
102184,|[40.86009088589179,-73.91894711559627]|
102185,|[40.86188738778661,-73.91802866754546]|
102186,|[40.86245442266866,-73.91714624955856]|
102187,|[40.863054238831324,-73.9167532178613]|
102188,|[40.86401219363204,-73.91663157682387]|
102189,|[40.86555886029974,-73.91682437356852]|
102196,|[40.86875888396932,-73.91246196900512]|
102197,|[40.86967917060056,-73.91196440712028]|
102198,|[40.86069394436434,-73.92063920562146]|
102199,|[40.86124190287849,-73.92036555470104]|
102200,|[40.861900071892364,-73.92002376636546]|
102201,|[40.86247372952296,-73.91913484969315]|
102202,|[40.86299595252956,-73.91865065483681]|
102203,|[40.863782165636295,-73.91866037876156]|
102212,|[40.8692902872167,-73.91358021441252]|
102213,|[40.870157704468866,-73.91352550444549]|
102214,|[40.871054515613736,-73.9129685716652]|
102215,|[40.87467277087421,-73.91157413976995]|
102216,|[40.862135027153606,-73.92179175264731]|
102217,|[40.86240534702045,-73.92426082093348]|
102218,|[40.863182868437136,-73.92215599996896]|
102219,|[40.86407046337867,-73.92016518638547]|
102220,|[40.863407922218585,-73.92477057669402]|
102221,|[40.86414229469984,-73.92277659175664]|
102222,|[40.864840664529076,-73.92088749933299]|
102223,|[40.86562001466126,-73.9190876516311]|
102224,|[40.86436696131321,-73.92552061672092]|
102225,|[40.865142840872906,-73.92341501138058]|
102226,|[40.86583693086729,-73.92153607087545]|
102227,|[40.866477664627894,-73.91980609876114]|
102228,|[40.867262538797945,-73.91883558626088]|
102229,|[40.86769702085905,-73.91808035113606]|
102230,|[40.868284678105994,-73.91741144470399]|
102231,|[40.86877772516263,-73.9166302941209]|
102232,|[40.86963895272726,-73.91562399560664]|
102233,|[40.86530544916535,-73.92614663606578]|
102234,|[40.866043752877346,-73.92399723845045]|
102235,|[40.86673258714281,-73.92212027278873]|
102236,|[40.86738547534203,-73.92038708176813]|
102237,|[40.866300333029486,-73.92689175208784]|
102238,|[40.86700834975868,-73.92460936231069]|
102239,|[40.8676891552837,-73.92504546417265]|
102240,|[40.86836339499844,-73.92315642820157]|
102241,|[40.86773443441918,-73.92263724759461]|
102242,|[40.86867690686838,-73.92110801295144]|
102243,|[40.869651776151926,-73.91855970830008]|
102244,|[40.87251227541257,-73.91452213410426]|
102246,|[40.86647487356687,-73.92952889089038]|
102247,|[40.86692651930171,-73.92779196757402]|
102248,|[40.86823633241647,-73.9255204008626]|
102250,|[40.871962178182265,-73.91893476820185]|